bn:02362134n	http://dbpedia.org/resource/Internet_access
bn:00018207n	http://dbpedia.org/resource/Thorax
bn:00055009n	http://dbpedia.org/resource/Milkshake
bn:00089575v	
bn:00080386n	http://dbpedia.org/resource/Wall
bn:00106734a	
bn:00046318n	
bn:00071525n	http://dbpedia.org/resource/Signal_(bridge)
bn:13627087a	
bn:00050182n	http://dbpedia.org/resource/Lazio
bn:00083914v	
bn:03255295n	http://dbpedia.org/resource/Non-dairy_creamer
bn:00095410v	
bn:01253570n	http://dbpedia.org/resource/Mild_ale
bn:00084080v	
bn:00076216n	http://dbpedia.org/resource/Taw
bn:01222730n	http://dbpedia.org/resource/Boys_(Britney_Spears_song)
bn:00030581n	http://dbpedia.org/resource/Emotion
bn:00603068n	http://dbpedia.org/resource/New_Post,_Wisconsin
bn:00013008n	http://dbpedia.org/resource/Brescia
bn:00114079r	
bn:00073272n	http://dbpedia.org/resource/Veronica_(plant)
bn:00062319n	http://dbpedia.org/resource/Piedmont
bn:00009850n	http://dbpedia.org/resource/Bench_(furniture)
bn:00025142n	
bn:00087012v	
bn:00024488n	http://dbpedia.org/resource/Curiosity
bn:01245420n	http://dbpedia.org/resource/Same-sex_relationship
bn:00088225v	
bn:03523228n	http://dbpedia.org/resource/Bondeno
bn:00085975v	
bn:01531708n	http://dbpedia.org/resource/Onna_(L'Aquila)
bn:00094797v	
bn:00096718a	
bn:03522337n	http://dbpedia.org/resource/Saletto
bn:01919846n	http://dbpedia.org/resource/Problems_(Aristotle)
bn:00035370n	http://dbpedia.org/resource/Fluid_dynamics
bn:00086403v	
bn:00088944v	
bn:03740390n	http://dbpedia.org/resource/Internet_traffic
bn:00092330v	
bn:00088095v	
bn:00084236v	
bn:00026107n	http://dbpedia.org/resource/Need
bn:00345412n	http://dbpedia.org/resource/Giorgio_(name)
bn:00017100n	http://dbpedia.org/resource/Cent_(United_States_coin)
bn:00041319n	http://dbpedia.org/resource/Grand_(TV_series)
bn:00025080n	
bn:00067744n	http://dbpedia.org/resource/Richter_magnitude_scale
bn:00062704n	
bn:00086685v	
bn:03196528n	http://dbpedia.org/resource/Shock_(2006_film)
bn:00092544v	
bn:17299368n	http://dbpedia.org/resource/Incidence_(epidemiology)
bn:02568957n	http://dbpedia.org/resource/Ancora
bn:00012886n	http://dbpedia.org/resource/Stomach
bn:00026981n	
bn:00070537n	http://dbpedia.org/resource/September
bn:00116353r	
bn:00025149n	http://dbpedia.org/resource/Dance_music
bn:02446560n	http://dbpedia.org/resource/Patient-centered_care
bn:00069680n	http://dbpedia.org/resource/Scientist
bn:00055497n	
bn:13691281n	
bn:00046703n	
bn:00101083a	
bn:00093540v	
bn:00614283n	http://dbpedia.org/resource/Ferry_Corsten
bn:00071355n	http://dbpedia.org/resource/Shrine
bn:13783090v	
bn:13677111v	
bn:03274714n	http://dbpedia.org/resource/Shock_(musical)
bn:00088854v	
bn:00089154v	
bn:00081573n	http://dbpedia.org/resource/Work-in
bn:00093072v	
bn:13734645n	
bn:00076338n	http://dbpedia.org/resource/Technician
bn:00094940v	
bn:00019625n	http://dbpedia.org/resource/Mud
bn:15557392n	http://dbpedia.org/resource/Do_You_(Ne-Yo_song)
bn:00067023n	http://dbpedia.org/resource/Release_(music)
bn:00095593v	
bn:00098172a	
bn:00085385v	
bn:00085937v	
bn:03804775n	http://dbpedia.org/resource/Industrial_music
bn:00087618v	
bn:00060578n	http://dbpedia.org/resource/Parkinson's_disease
bn:00054297n	http://dbpedia.org/resource/Memorial
bn:15221658n	
bn:15928884n	http://dbpedia.org/resource/Salary
bn:00113067a	
bn:00037384n	http://dbpedia.org/resource/Gasoline
bn:00064389n	http://dbpedia.org/resource/Prime_number
bn:00095777v	
bn:00030525n	http://dbpedia.org/resource/Emergency
bn:00016974n	http://dbpedia.org/resource/Ceiling
bn:00034631n	http://dbpedia.org/resource/Firefighter
bn:00095829v	
bn:00009419n	http://dbpedia.org/resource/Boyfriend
bn:00041120n	http://dbpedia.org/resource/Minnesota
bn:03774228n	http://dbpedia.org/resource/December_21
bn:00071410n	http://dbpedia.org/resource/Sicily
bn:00081546n	http://dbpedia.org/resource/Word
bn:00051108n	http://dbpedia.org/resource/Light
bn:00068196n	http://dbpedia.org/resource/Romania
bn:00093007v	
bn:00101516a	
bn:00095242v	
bn:02673179n	http://dbpedia.org/resource/Here_We_Are_(Yoomiii_album)
bn:00096390a	
bn:00019919n	http://dbpedia.org/resource/Cul-de-sac
bn:00080066n	http://dbpedia.org/resource/Virginity
bn:02428342n	http://dbpedia.org/resource/Little_Bird_(album)
bn:00041258n	
bn:15783941n	
bn:00084075v	
bn:13681260v	
bn:00115076r	
bn:00059141n	http://dbpedia.org/resource/Operator_(mathematics)
bn:00085586v	
bn:00082354v	
bn:03148263n	http://dbpedia.org/resource/Liveblogging
bn:00045179n	http://dbpedia.org/resource/Humility
bn:00001544n	http://dbpedia.org/resource/Maturity_(psychological)
bn:02958748n	http://dbpedia.org/resource/Deus_Ex:_Invisible_War
bn:01004522n	http://dbpedia.org/resource/Porto_Recanati
bn:00087641v	
bn:00071865n	http://dbpedia.org/resource/Sitting
bn:00091875v	
bn:00435558n	http://dbpedia.org/resource/Emilia_(region_of_Italy)
bn:00087633v	
bn:00117032r	
bn:00085499v	
bn:00009805n	
bn:00089841v	
bn:00006995n	http://dbpedia.org/resource/Offense_(sports)
bn:00087727v	
bn:00106327a	
bn:00037552n	http://dbpedia.org/resource/Gazebo
bn:00061898n	
bn:00014138n	http://dbpedia.org/resource/Job
bn:00896780n	http://dbpedia.org/resource/Manchester_City_F.C.
bn:00066858n	
bn:00093170v	
bn:00003568n	
bn:00021127n	http://dbpedia.org/resource/European_Union
bn:03839689n	http://dbpedia.org/resource/Pordenone
bn:01244466n	http://dbpedia.org/resource/Kuril_Islands
bn:00017125n	
bn:00025965n	http://dbpedia.org/resource/Degree_(music)
bn:00111321a	
bn:00116511r	
bn:00086807v	
bn:00096293a	
bn:00082817v	
bn:00058783n	http://dbpedia.org/resource/Oklahoma
bn:02053307n	http://dbpedia.org/resource/Fort_Apache_Napoli
bn:13614342v	
bn:00005007n	
bn:00086261v	
bn:00045979n	http://dbpedia.org/resource/Imagination
bn:13621260n	
bn:00100882a	
bn:00107136a	
bn:00112923a	
bn:00240796n	http://dbpedia.org/resource/Ete,_Hungary
bn:00107803a	
bn:00088638v	
bn:00019848n	
bn:00012898n	http://dbpedia.org/resource/Fracture_(geology)
bn:00016402n	
bn:00022334n	
bn:00025364n	http://dbpedia.org/resource/Daughter
bn:01576529n	http://dbpedia.org/resource/Young_Democrats_of_America
bn:00092023v	
bn:00035984n	http://dbpedia.org/resource/Dynamics_(music)
bn:00052671n	http://dbpedia.org/resource/Magazine
bn:00037736n	
bn:00099145a	
bn:00257421n	http://dbpedia.org/resource/Friends
bn:00043391n	
bn:00090583v	
bn:00094634v	
bn:00057104n	
bn:00020822n	http://dbpedia.org/resource/Column_(formation)
bn:00089279v	
bn:00107270a	
bn:00087072v	
bn:00088767v	
bn:00089215v	
bn:13780336v	
bn:00075094n	
bn:00082666v	
bn:00047028n	
bn:00084801v	
bn:00026980n	http://dbpedia.org/resource/Didactic_method
bn:03450462n	http://dbpedia.org/resource/Flavio_Briatore
bn:00059303n	
bn:00106113a	
bn:00083141v	
bn:01863344n	http://dbpedia.org/resource/Virtuality_(philosophy)
bn:02343172n	http://dbpedia.org/resource/Rip_(dog)
bn:00035371n	http://dbpedia.org/resource/Volumetric_flow_rate
bn:00068049n	http://dbpedia.org/resource/Rock_music
bn:00087460v	
bn:00082822v	
bn:00100716a	
bn:00005913n	http://dbpedia.org/resource/Buttocks
bn:00082722v	
bn:00084231v	
bn:00054703n	http://dbpedia.org/resource/Myocardial_infarction
bn:01894886n	http://dbpedia.org/resource/Cipó
bn:00010731n	http://dbpedia.org/resource/Bit
bn:00050126n	http://dbpedia.org/resource/Mental_chronometry
bn:00086682v	
bn:00048461n	http://dbpedia.org/resource/Journalist
bn:00079730n	
bn:00085293v	
bn:00073801n	http://dbpedia.org/resource/Staff_(military)
bn:00088792v	
bn:02074547n	http://dbpedia.org/resource/Seismic_trace
bn:00041881n	
bn:00116156r	
bn:00004353n	
bn:00082831v	
bn:00084711v	
bn:00095451v	
bn:00111285a	
bn:00086123v	
bn:00073081n	http://dbpedia.org/resource/Spamming
bn:00057015n	
bn:00107198a	
bn:00028288n	http://dbpedia.org/resource/Dormitory
bn:00066433n	
bn:00100490a	
bn:00013066n	
bn:00995448n	http://dbpedia.org/resource/Environment_(biophysical)
bn:00004453n	
bn:15408010n	http://dbpedia.org/resource/Mortacci
bn:03818909n	http://dbpedia.org/resource/Ferric
bn:00098171a	
bn:00067100n	http://dbpedia.org/resource/Renal_colic
bn:00105292a	
bn:00108037a	
bn:00100093a	
bn:00090231v	
bn:00002949n	http://dbpedia.org/resource/Alluvion
bn:00089280v	
bn:13774596v	
bn:13715558r	
bn:01315071n	http://dbpedia.org/resource/Storage_area_network
bn:03443449n	http://dbpedia.org/resource/Crazy_Bitch
bn:01449328n	http://dbpedia.org/resource/Sky_News
bn:00025172n	
bn:00041061n	
bn:00067519n	http://dbpedia.org/resource/Tax
bn:00561577n	http://dbpedia.org/resource/Tsunami_warning_system
bn:00085171v	
bn:00086708v	
bn:00099479a	
bn:16073100n	
bn:00052121n	http://dbpedia.org/resource/Love
bn:01230774n	http://dbpedia.org/resource/Truck_(rigging)
bn:14877982n	http://dbpedia.org/resource/Sturla
bn:00082249v	
bn:00100206a	
bn:00115686r	
bn:00105977a	
bn:01115745n	http://dbpedia.org/resource/Arithmetical_hierarchy
bn:00098421a	
bn:00033959n	
bn:00071571n	
bn:00085180v	
bn:03293394n	http://dbpedia.org/resource/Ke_(kana)
bn:00228071n	http://dbpedia.org/resource/Catanzaro
bn:00051054n	http://dbpedia.org/resource/Life
bn:00060145n	http://dbpedia.org/resource/Padua
bn:00114165r	
bn:00044128n	http://dbpedia.org/resource/Highway
bn:00002185n	http://dbpedia.org/resource/Atmosphere_of_Earth
bn:00060767n	
bn:00113818a	
bn:00108648a	
bn:00046345n	
bn:00104261a	
bn:00090678v	
bn:00029365n	
bn:00114091r	
bn:00113456a	
bn:00035772n	http://dbpedia.org/resource/Violence
bn:00047238n	http://dbpedia.org/resource/Interview
bn:00092532v	
bn:14961854n	http://dbpedia.org/resource/Di_Rienzo
bn:00011346n	http://dbpedia.org/resource/Blood
bn:13691852a	
bn:00081783n	
bn:00026071n	
bn:00068619n	http://dbpedia.org/resource/Soviet_Union
bn:00030167n	
bn:00084413v	
bn:00030553n	http://dbpedia.org/resource/Emilia-Romagna
bn:03576505n	http://dbpedia.org/resource/Illegal_immigration
bn:00085647v	
bn:00086229v	
bn:00046702n	http://dbpedia.org/resource/Informant
bn:00091950v	
bn:13722220v	
bn:00000641n	http://dbpedia.org/resource/Stress_(linguistics)
bn:01018189n	http://dbpedia.org/resource/Lady_Gaga
bn:13672988a	
bn:13691823a	
bn:00335899n	http://dbpedia.org/resource/Remer,_Minnesota
bn:00066631n	http://dbpedia.org/resource/Red
bn:00104461a	
bn:00002415n	
bn:00111969a	
bn:00066236n	http://dbpedia.org/resource/Rate_(mathematics)
bn:00499143n	http://dbpedia.org/resource/Rock_Radio
bn:00066966n	http://dbpedia.org/resource/Reimbursement
bn:00168363n	http://dbpedia.org/resource/Back-On
bn:00184267n	http://dbpedia.org/resource/Carmen_Sandiego
bn:00097507a	
bn:13680977n	
bn:01388195n	http://dbpedia.org/resource/Bruno_Vespa
bn:00085162v	
bn:00063133n	http://dbpedia.org/resource/Prime_Minister_of_the_United_Kingdom
bn:03476416n	http://dbpedia.org/resource/Terremoto
bn:00101788a	
bn:03438736n	http://dbpedia.org/resource/Como
bn:00007037n	http://dbpedia.org/resource/Attic
bn:00081665n	
bn:02987311n	http://dbpedia.org/resource/National_Institute_of_Geophysics_and_Volcanology
bn:00090852v	
bn:00057546n	http://dbpedia.org/resource/News
bn:00028872n	http://dbpedia.org/resource/Drug
bn:01778991n	http://dbpedia.org/resource/Weather_warning
bn:00091039v	
bn:15718440n	
bn:00101795a	
bn:00091505v	
bn:00005020n	
bn:00080111n	
bn:00054972n	http://dbpedia.org/resource/Officer_(armed_forces)
bn:00072016n	http://dbpedia.org/resource/Sky
bn:00089626v	
bn:00100961a	
bn:00026239n	http://dbpedia.org/resource/Residency_(domicile)
bn:00810105n	http://dbpedia.org/resource/Mediaset
bn:00005164n	http://dbpedia.org/resource/Estimation
bn:00095040v	
bn:00096788a	
bn:00079940n	
bn:03388679n	http://dbpedia.org/resource/The_Cure
bn:13706604v	
bn:00734893n	http://dbpedia.org/resource/Dan_(rank)
bn:00016758n	
bn:02766759n	http://dbpedia.org/resource/Discussion_group
bn:00095629v	
bn:00091137v	
bn:00088343v	
bn:00115373r	
bn:00000032n	http://dbpedia.org/resource/16_(number)
bn:00001572n	http://dbpedia.org/resource/Adventure
bn:00035629n	http://dbpedia.org/resource/Tabi‘un
bn:00087645v	
bn:00104025a	
bn:00034718n	http://dbpedia.org/resource/Fireworks
bn:13809700n	http://dbpedia.org/resource/Salini_Impregilo
bn:00083456v	
bn:00003002n	http://dbpedia.org/resource/Hawaii_(island)
bn:00032139n	http://dbpedia.org/resource/Excise
bn:00021477n	http://dbpedia.org/resource/PC_game
bn:00096644a	
bn:00045632n	http://dbpedia.org/resource/Theory
bn:00001412n	
bn:00007020n	http://dbpedia.org/resource/Attention
bn:00074009n	
bn:00004452n	
bn:00092757v	
bn:00082412v	
bn:00027253n	http://dbpedia.org/resource/Diospyros_kaki
bn:00109980a	
bn:00011744n	http://dbpedia.org/resource/Physical_body
bn:00084651v	
bn:17075119n	http://dbpedia.org/resource/Thank_You_Very_Much_(Margaret_song)
bn:00004305n	http://dbpedia.org/resource/Indian_anna
bn:00094307v	
bn:00026601n	
bn:13731690n	
bn:00061826n	http://dbpedia.org/resource/Petition
bn:00075669n	
bn:01064859n	http://dbpedia.org/resource/Indonesian_National_Police
bn:00004836n	http://dbpedia.org/resource/Apartment
bn:00114246r	
bn:00091490v	
bn:00080759n	
bn:00089751v	
bn:03624803n	http://dbpedia.org/resource/Shock_(2004_film)
bn:00002335n	http://dbpedia.org/resource/Alaska
bn:00011369n	http://dbpedia.org/resource/Blood_donation
bn:13713538v	
bn:16505256n	http://dbpedia.org/resource/Good_Morning_(Old_Man_River)
bn:00099521a	
bn:00007182n	http://dbpedia.org/resource/Aunt
bn:00090726v	
bn:00025463n	http://dbpedia.org/resource/Stupor
bn:00111262a	
bn:00037187n	
bn:00114778r	
bn:00006386n	http://dbpedia.org/resource/Facial_expression
bn:00104995a	
bn:02184985n	http://dbpedia.org/resource/Short_Message_Service
bn:00019586n	http://dbpedia.org/resource/Classroom
bn:00100950a	
bn:00063308n	http://dbpedia.org/resource/Polemic
bn:00040169n	http://dbpedia.org/resource/Geologist
bn:00061149n	http://dbpedia.org/resource/Peace
bn:01445146n	http://dbpedia.org/resource/Tresigallo
bn:00085261v	
bn:13638010v	
bn:00088939v	
bn:00063354n	
bn:00008824n	http://dbpedia.org/resource/Basement
bn:00053303n	http://dbpedia.org/resource/Map
bn:00006834n	http://dbpedia.org/resource/Meitnerium
bn:00003333n	http://dbpedia.org/resource/Damages
bn:03151917n	http://dbpedia.org/resource/Dodecadodecahedron
bn:03363965n	http://dbpedia.org/resource/Eh
bn:00088470v	
bn:00103195a	
bn:00671603n	http://dbpedia.org/resource/CNN_NewsStand
bn:00060066n	http://dbpedia.org/resource/Yard
bn:13604973n	
bn:02473996n	http://dbpedia.org/resource/0O
bn:00054844n	
bn:00040058n	http://dbpedia.org/resource/Vanessa_(butterfly)
bn:00047042n	http://dbpedia.org/resource/Intensity_(physics)
bn:00114251r	
bn:00054693n	http://dbpedia.org/resource/Mexico
bn:00001939n	http://dbpedia.org/resource/Year
bn:00019894n	http://dbpedia.org/resource/Clock_tower
bn:00071206n	
bn:00054884n	http://dbpedia.org/resource/Midnight
bn:00030718n	
bn:00062759n	http://dbpedia.org/resource/Program_management
bn:00030401n	http://dbpedia.org/resource/Greece
bn:00008462n	http://dbpedia.org/resource/Bar_(establishment)
bn:00088097v	
bn:00049841n	http://dbpedia.org/resource/Landline
bn:03766540n	http://dbpedia.org/resource/U16
bn:00027747n	http://dbpedia.org/resource/Cosmic_distance_ladder
bn:00025075n	http://dbpedia.org/resource/Dam
bn:00020718n	http://dbpedia.org/resource/Plantation_(settlement_or_colony)
bn:00086280v	
bn:00101885a	
bn:00030552n	http://dbpedia.org/resource/Emilia_(genus)
bn:00107226a	
bn:00017686n	http://dbpedia.org/resource/Television_channel
bn:00117050r	
bn:00010271n	
bn:00006734n	http://dbpedia.org/resource/Athens
bn:03128315n	http://dbpedia.org/resource/Fantastic
bn:00103626a	
bn:00078656n	
bn:00043011n	http://dbpedia.org/resource/Harm
bn:00088059v	
bn:00105251a	
bn:00007962n	http://dbpedia.org/resource/Indonesian_language
bn:00026905n	http://dbpedia.org/resource/Diazepam
bn:00004638n	http://dbpedia.org/resource/Anticipation_(artificial_intelligence)
bn:00116211r	
bn:00090482v	
bn:03514305n	http://dbpedia.org/resource/Web_traffic
bn:17163723n	http://dbpedia.org/resource/Poggi
bn:00100603a	
bn:00091196v	
bn:02482563n	http://dbpedia.org/resource/Ultra_(film)
bn:03862327n	http://dbpedia.org/resource/Train_wreck
bn:03428060n	http://dbpedia.org/resource/Croll
bn:00054149n	http://dbpedia.org/resource/Media_(communication)
bn:00743091n	http://dbpedia.org/resource/International_Bank_Account_Number
bn:00015267n	http://dbpedia.org/resource/Dog
bn:00678170n	http://dbpedia.org/resource/Emergency_telephone_number
bn:00083248v	
bn:00001688n	http://dbpedia.org/resource/Flier_(BEAM)
bn:00100957a	
bn:00074595n	http://dbpedia.org/resource/Street
bn:00524252n	http://dbpedia.org/resource/Limoncello
bn:00049248n	http://dbpedia.org/resource/Kitchen
bn:00073788n	
bn:00103779a	
bn:02326624n	http://dbpedia.org/resource/Mirandola
bn:00105645a	
bn:00000777n	http://dbpedia.org/resource/Object_composition
bn:00021759n	http://dbpedia.org/resource/Confirmation
bn:00114541r	
bn:00037300n	http://dbpedia.org/resource/Garden
bn:00086008v	
bn:00015177n	http://dbpedia.org/resource/Natural_(music)
bn:00070458n	http://dbpedia.org/resource/Senate
bn:16903336n	http://dbpedia.org/resource/Chiara_Galiazzo
bn:00114307r	
bn:00097710a	
bn:00105170a	
bn:00026338n	http://dbpedia.org/resource/United_States_Department_of_the_Interior
bn:00084270v	
bn:01256820n	http://dbpedia.org/resource/Senigallia
bn:00093860v	
bn:00087063v	
bn:00070886n	
bn:00087644v	
bn:00106831a	
bn:00082506v	
bn:00023290n	http://dbpedia.org/resource/Course_(architecture)
bn:00070964n	http://dbpedia.org/resource/Shed
bn:00090033v	
bn:01267499n	http://dbpedia.org/resource/Master_of_Reality
bn:02139367n	http://dbpedia.org/resource/Misery_(Maroon_5_song)
bn:00000086n	http://dbpedia.org/resource/Day
bn:00107791a	
bn:00030532n	http://dbpedia.org/resource/Emergency_department
bn:00032089n	http://dbpedia.org/resource/Test_(assessment)
bn:00113737a	
bn:00113616a	
bn:14409040n	http://dbpedia.org/resource/Problem_(Ariana_Grande_song)
bn:00023235n	http://dbpedia.org/resource/Administrative_divisions_of_Mexico
bn:00090795v	
bn:00007205n	http://dbpedia.org/resource/Sunrise
bn:00078738n	http://dbpedia.org/resource/Year
bn:01361320n	http://dbpedia.org/resource/Gift_(law)
bn:00005707n	http://dbpedia.org/resource/Sleeve
bn:03216914n	http://dbpedia.org/resource/Search_engine_results_page
bn:00054602n	http://dbpedia.org/resource/Meteorite
bn:00068349n	http://dbpedia.org/resource/Rotterdam
bn:00097875a	
bn:00041634n	http://dbpedia.org/resource/Greek_language
bn:00113457a	
bn:00041467n	
bn:00115504r	
bn:16760616n	http://dbpedia.org/resource/Body_(Ja_Rule_song)
bn:00000133n	http://dbpedia.org/resource/8_(number)
bn:00277280n	http://dbpedia.org/resource/Anglona
bn:00001961n	http://dbpedia.org/resource/Government_agency
bn:00093457v	
bn:00045923n	http://dbpedia.org/resource/Mate_(beverage)
bn:00070860n	
bn:00086332v	
bn:00067785n	http://dbpedia.org/resource/Rifle
bn:00017136n	
bn:00005588n	
bn:00113770a	
bn:00002715n	http://dbpedia.org/resource/Excuse_(legal)
bn:00028866n	
bn:00016913n	http://dbpedia.org/resource/Cubic_centimetre
bn:00047146n	http://dbpedia.org/resource/Political_international
bn:00080220n	http://dbpedia.org/resource/Volleyball
bn:03680272n	http://dbpedia.org/resource/Mindless_Self_Indulgence_discography
bn:00086799v	
bn:00064112n	
bn:00096074a	
bn:00082553v	
bn:00017929n	
bn:00086865v	
bn:00650884n	http://dbpedia.org/resource/Day_of_Silence
bn:00101474a	
bn:00107156a	
bn:00069350n	http://dbpedia.org/resource/Sauce
bn:00085612v	
bn:00056947n	http://dbpedia.org/resource/Nazism
bn:00070494n	http://dbpedia.org/resource/Sense
bn:00005435n	http://dbpedia.org/resource/Designer
bn:00098042a	
bn:00021331n	
bn:13755789v	
bn:00086786v	
bn:00082493v	
bn:00115624r	
bn:00082668v	
bn:00042803n	http://dbpedia.org/resource/Handshake
bn:00046665n	http://dbpedia.org/resource/Infinite_set
bn:00100875a	
bn:00046094n	
bn:00101558a	
bn:16958245n	
bn:00080605n	http://dbpedia.org/resource/Water_level
bn:00089349v	
bn:03233469n	http://dbpedia.org/resource/Justified_(album)
bn:00022120n	http://dbpedia.org/resource/Contact_lens
bn:00106517a	
bn:13778138v	
bn:00018369n	http://dbpedia.org/resource/Chile
bn:11076137n	
bn:00101187a	
bn:13631454v	
bn:00084726v	
bn:00080813n	http://dbpedia.org/resource/Workweek_and_weekend
bn:00087109v	
bn:00064917n	http://dbpedia.org/resource/Capital_city
bn:00043605n	
bn:00085077v	
bn:00114485r	
bn:14061852n	
bn:00069040n	
bn:00092430v	
bn:00092756v	
bn:01641936n	http://dbpedia.org/resource/Cindy_Sheehan
bn:00018542n	http://dbpedia.org/resource/Chirp_(scratch)
bn:00023751n	http://dbpedia.org/resource/Croissant
bn:00082281v	
bn:02162154n	http://dbpedia.org/resource/Crevalcore
bn:00089743v	
bn:00046942n	http://dbpedia.org/resource/Instant
bn:00109500a	
bn:00009636n	
bn:00016459n	
bn:00057017n	http://dbpedia.org/resource/Nature
bn:00009616n	http://dbpedia.org/resource/Father
bn:00088629v	
bn:00017818n	http://dbpedia.org/resource/Charity_(practice)
bn:00066464n	
bn:00087099v	
bn:00085339v	
bn:00066032n	http://dbpedia.org/resource/Rain
bn:00092461v	
bn:00113012a	
bn:00040492n	http://dbpedia.org/resource/Pub
bn:00686262n	http://dbpedia.org/resource/IKEA
bn:00062214n	http://dbpedia.org/resource/Piazza
bn:00030560n	http://dbpedia.org/resource/Eminent_domain
bn:00115906r	
bn:03335997n	http://dbpedia.org/resource/City
bn:00078049n	http://dbpedia.org/resource/Transportation_Security_Administration
bn:00069403n	http://dbpedia.org/resource/Savoy
bn:00084300v	
bn:00104782a	
bn:00111409a	
bn:00041739n	http://dbpedia.org/resource/Salutation
bn:00013234n	
bn:00036606n	http://dbpedia.org/resource/Friuli-Venezia_Giulia_wine
bn:00095280v	
bn:03615838n	http://dbpedia.org/resource/Savona
bn:00090740v	
bn:01575963n	http://dbpedia.org/resource/Today_(U.S._TV_program)
bn:00104407a	
bn:00027995n	http://dbpedia.org/resource/Doctor_(title)
bn:13772263v	
bn:00025170n	
bn:00048335n	http://dbpedia.org/resource/Pope_John_Paul_II
bn:00100761a	
bn:00015915n	http://dbpedia.org/resource/Identity_documents_in_the_United_States
bn:00076373n	http://dbpedia.org/resource/Television
bn:00090504v	
bn:00087376v	
bn:00068045n	
bn:00021645n	
bn:00012339n	http://dbpedia.org/resource/Bottle
bn:00117286r	
bn:00034027n	http://dbpedia.org/resource/Mother
bn:00098117a	
bn:00063707n	
bn:00030464n	http://dbpedia.org/resource/Embankment_(transportation)
bn:00100302a	
bn:00010744n	http://dbpedia.org/resource/Animal_bite
bn:00040072n	
bn:00021721n	
bn:00087154v	
bn:00082844v	
bn:00668141n	http://dbpedia.org/resource/Province_of_Lucca
bn:00030820n	http://dbpedia.org/resource/Thermodynamic_free_energy
bn:00052061n	http://dbpedia.org/resource/Land_lot
bn:00006140n	http://dbpedia.org/resource/Knee
bn:00078160n	http://dbpedia.org/resource/Tremolo
bn:00096755a	
bn:00065703n	http://dbpedia.org/resource/Silence
bn:00097391a	
bn:00025582n	http://dbpedia.org/resource/Death
bn:00009503n	
bn:00006759n	http://dbpedia.org/resource/Athletics_(sport)
bn:00091876v	
bn:00094092v	
bn:00044407n	
bn:02890554n	http://dbpedia.org/resource/¡Tré!
bn:00092137v	
bn:00089666v	
bn:03020000n	http://dbpedia.org/resource/Santa_Maria_in_Vado
bn:00083374v	
bn:00009474n	
bn:00052867n	
bn:01881986n	http://dbpedia.org/resource/Dexter_and_sinister
bn:00082647v	
bn:00000870n	http://dbpedia.org/resource/Enneagram_of_Personality
bn:00060273n	http://dbpedia.org/resource/Palermo
bn:00108977a	
bn:00100315a	
bn:00021045n	http://dbpedia.org/resource/Commodity
bn:15820104n	http://dbpedia.org/resource/Scream_(TVXQ_song)
bn:00539337n	http://dbpedia.org/resource/BNO_News
bn:00088859v	
bn:00000694n	http://dbpedia.org/resource/Injury
bn:14033398n	http://dbpedia.org/resource/Am_Shalem
bn:14436882n	
bn:14433867n	http://dbpedia.org/resource/Uni_(letter)
bn:00023506n	
bn:00034643n	
bn:00083985v	
bn:00029448n	http://dbpedia.org/resource/Earthquake
bn:03498766n	http://dbpedia.org/resource/Aman
bn:00077778n	http://dbpedia.org/resource/Seat_of_local_government
bn:00107762a	
bn:00096026a	
bn:00030747n	http://dbpedia.org/resource/Hazard
bn:00023897n	http://dbpedia.org/resource/Crocodile_tears
bn:00087321v	
bn:03523083n	http://dbpedia.org/resource/Cavezzo
bn:00088207v	
bn:00095233v	
bn:03799663n	http://dbpedia.org/resource/Tir_(month)
bn:00086107v	
bn:00024620n	
bn:00044984n	
bn:00000127n	http://dbpedia.org/resource/Hour
bn:00106335a	
bn:00082394v	
bn:00035650n	http://dbpedia.org/resource/Food
bn:00048242n	http://dbpedia.org/resource/Problem
bn:00080435n	http://dbpedia.org/resource/Want
bn:00068220n	http://dbpedia.org/resource/Roof
bn:00086879v	
bn:00093758v	
bn:00057559n	http://dbpedia.org/resource/News_broadcasting
bn:00532805n	http://dbpedia.org/resource/Back_Home_(Westlife_album)
bn:00036855n	http://dbpedia.org/resource/Funeral
bn:00050793n	http://dbpedia.org/resource/Lesson
bn:00031972n	
bn:00020452n	http://dbpedia.org/resource/Cognition
bn:00082790v	
bn:00058192n	http://dbpedia.org/resource/November
bn:02938982n	http://dbpedia.org/resource/Errani
bn:00083184v	
bn:00093861v	
bn:14271057n	
bn:03460408n	http://dbpedia.org/resource/Purina_ONE
bn:00108931a	
bn:00037132n	http://dbpedia.org/resource/Junglefowl
bn:00023291n	
bn:00020263n	http://dbpedia.org/resource/Dick_(slang)
bn:00084149v	
bn:00017134n	http://dbpedia.org/resource/The_Mall_(Cleveland)
bn:00058032n	http://dbpedia.org/resource/Union_(American_Civil_War)
bn:00008049n	
bn:03682968n	http://dbpedia.org/resource/Rimini
bn:03509540n	http://dbpedia.org/resource/Mah
bn:00027976n	http://dbpedia.org/resource/Physician
bn:00023880n	http://dbpedia.org/resource/Croatia
bn:00025436n	
bn:13760926n	
bn:15331884n	http://dbpedia.org/resource/Yesterday_(time)
bn:00275806n	http://dbpedia.org/resource/Al-Falaq
bn:00001082n	http://dbpedia.org/resource/Terrorism
bn:03760974n	http://dbpedia.org/resource/Happy_Birthday_to_You
bn:00100273a	
bn:00012839n	http://dbpedia.org/resource/Courage
bn:00021945n	http://dbpedia.org/resource/Conscience
bn:00090448v	
bn:00085354v	
bn:13640694v	
bn:00083824v	
bn:00011357n	
bn:00090437v	
bn:00011913n	http://dbpedia.org/resource/South_Tyrol
bn:00058898n	http://dbpedia.org/resource/Olive_oil
bn:00091184v	
bn:16275102n	
bn:00082534v	
bn:00028626n	
bn:00070252n	http://dbpedia.org/resource/Episcopal_see
bn:00082814v	
bn:00087809v	
bn:02165484n	http://dbpedia.org/resource/Middle_Pleistocene
bn:00024989n	http://dbpedia.org/resource/Papa_(nickname)
bn:00000005n	http://dbpedia.org/resource/Tuple
bn:00005516n	
bn:00005113n	
bn:00024564n	http://dbpedia.org/resource/Shock_absorber
bn:03279173n	http://dbpedia.org/resource/Genoa_(sail)
bn:00017557n	
bn:00088660v	
bn:00083437v	
bn:00049896n	
bn:00029806n	http://dbpedia.org/resource/Student
bn:00051400n	
bn:00064233n	
bn:00097066a	
bn:15041197n	http://dbpedia.org/resource/Bisagno
bn:00093731v	
bn:03357754n	http://dbpedia.org/resource/R._Kelly
bn:00217583n	http://dbpedia.org/resource/Gradus_(unit)
bn:00107826a	
bn:00036512n	http://dbpedia.org/resource/Friday
bn:00100203a	
bn:00103299a	
bn:00021337n	http://dbpedia.org/resource/Competition_(economics)
bn:00051185n	http://dbpedia.org/resource/Like
bn:00061931n	http://dbpedia.org/resource/Phenomenon
bn:00015115n	http://dbpedia.org/resource/Canada
bn:00006856n	http://dbpedia.org/resource/Ferrous
bn:00087976v	
bn:00110409a	
bn:01775981n	http://dbpedia.org/resource/Too_Much_Harmony
bn:00009263n	http://dbpedia.org/resource/Beach
bn:00008455n	http://dbpedia.org/resource/Baptism
bn:00088957v	
bn:00012289n	
bn:03583279n	http://dbpedia.org/resource/Tozzi
bn:00045342n	http://dbpedia.org/resource/Tap_(valve)
bn:00014238n	http://dbpedia.org/resource/Cigarette
bn:00014437n	
bn:00094862v	
bn:00032893n	http://dbpedia.org/resource/Family
bn:00093251v	
bn:00095642v	
bn:00010025n	http://dbpedia.org/resource/Berlin
bn:00089277v	
bn:02047035n	http://dbpedia.org/resource/Silvio_Berlusconi
bn:00009472n	http://dbpedia.org/resource/Bed
bn:00046588n	http://dbpedia.org/resource/Inequality_(mathematics)
bn:00018121n	http://dbpedia.org/resource/Chemical_reaction
bn:00087896v	
bn:00103931a	
bn:00105748a	
bn:02117893n	http://dbpedia.org/resource/Arischia
bn:00012209n	http://dbpedia.org/resource/Bordeaux_wine
bn:00109742a	
bn:00057034n	http://dbpedia.org/resource/Nausea
bn:00104680a	
bn:03897085n	http://dbpedia.org/resource/Twitter
bn:00085049v	
bn:00007875n	
bn:00043604n	http://dbpedia.org/resource/Inferno_(Dante)
bn:00082963v	
bn:00012273n	http://dbpedia.org/resource/Cattle
bn:01526139n	http://dbpedia.org/resource/Giampaolo
bn:00086781v	
bn:00752499n	http://dbpedia.org/resource/Gabriellus
bn:15378300n	
bn:00010732n	
bn:00007796n	http://dbpedia.org/resource/Backhoe
bn:00102161a	
bn:00080920n	http://dbpedia.org/resource/Points_of_the_compass
bn:00107587a	
bn:00081726n	http://dbpedia.org/resource/Wrong
bn:00017236n	http://dbpedia.org/resource/Headache
bn:03159504n	http://dbpedia.org/resource/RAI
bn:00044196n	
bn:00008378n	http://dbpedia.org/resource/Cheque
bn:00096663a	
bn:00085241v	
bn:00063983n	http://dbpedia.org/resource/Public_relations
bn:00034642n	
bn:03219144n	http://dbpedia.org/resource/Comune
bn:00084204v	
bn:00073210n	http://dbpedia.org/resource/Species
bn:01657379n	http://dbpedia.org/resource/Ball_(bearing)
bn:00023101n	http://dbpedia.org/resource/Couch
bn:00054808n	http://dbpedia.org/resource/Radiolocation
bn:00047612n	http://dbpedia.org/resource/Island
bn:00088013v	
bn:03149538n	http://dbpedia.org/resource/Online_and_offline
bn:00054019n	http://dbpedia.org/resource/Measurement
bn:13728744v	
bn:13609038n	
bn:00083402v	
bn:00044815n	http://dbpedia.org/resource/Horror_and_terror
bn:02165243n	http://dbpedia.org/resource/Baptism_by_fire
bn:00008347n	http://dbpedia.org/resource/East_Pakistan
bn:15262517n	http://dbpedia.org/resource/Web_2.0
bn:00073369n	
bn:00084777v	
bn:00091526v	
bn:03280459n	http://dbpedia.org/resource/Good_Morning_(New_Zealand_show)
bn:02045259n	http://dbpedia.org/resource/Misa_(river_in_Italy)
bn:16952166n	
bn:00021217n	http://dbpedia.org/resource/Communes_of_France
bn:00081593n	
bn:00009727n	http://dbpedia.org/resource/Bell_(school)
bn:03503188n	http://dbpedia.org/resource/Viale
bn:00046021n	http://dbpedia.org/resource/Immigration
bn:00028473n	
bn:00109195a	
bn:03185806n	http://dbpedia.org/resource/Secret_Fire
bn:00083103v	
bn:00084099v	
bn:00007530n	
bn:16877262n	http://dbpedia.org/resource/Bomb_(kick)
bn:00016214n	http://dbpedia.org/resource/Slipper
bn:00114996r	
bn:00022356n	http://dbpedia.org/resource/Try
bn:00035768n	http://dbpedia.org/resource/Force
bn:00058148n	http://dbpedia.org/resource/Promissory_note
bn:00013597n	http://dbpedia.org/resource/Ohio
bn:00087862v	
bn:00071838n	
bn:00066856n	
bn:00019948n	
bn:00081176n	http://dbpedia.org/resource/Wi-Fi
bn:00041465n	http://dbpedia.org/resource/Gratitude
bn:00017095n	http://dbpedia.org/resource/Censorship
bn:00000100n	http://dbpedia.org/resource/3_(number)
bn:00092388v	
bn:00085624v	
bn:00106526a	
bn:00013114n	http://dbpedia.org/resource/Brigade
bn:00059224n	
bn:00047705n	http://dbpedia.org/resource/Italy
bn:00051288n	
bn:00053584n	http://dbpedia.org/resource/Martin_Scorsese
bn:00086301v	
bn:00075330n	
bn:00077141n	http://dbpedia.org/resource/Thyroglobulin
bn:00113455a	
bn:00016593n	
bn:00081909n	
bn:02938598n	http://dbpedia.org/resource/Dance_Again_World_Tour
bn:00084524v	
bn:00025605n	
bn:00023625n	
bn:00085471v	
bn:00023823n	
bn:00043013n	http://dbpedia.org/resource/Major_trauma
bn:00066996n	
bn:00020912n	http://dbpedia.org/resource/Comfort
bn:00098562a	
bn:00044916n	http://dbpedia.org/resource/Server_(computing)
bn:00006881n	http://dbpedia.org/resource/Tin
bn:00045088n	http://dbpedia.org/resource/Hypertext_Transfer_Protocol
bn:13685147n	
bn:00023285n	
bn:00104562a	
bn:00070549n	
bn:00071242n	http://dbpedia.org/resource/Short_circuit
bn:01532049n	http://dbpedia.org/resource/Cecco
bn:00084308v	
bn:02667294n	http://dbpedia.org/resource/Fastweb_(telecommunications_company)
bn:14768604n	http://dbpedia.org/resource/Marco_Risi
bn:00102827a	
bn:00044994n	http://dbpedia.org/resource/House
bn:00065394n	
bn:00072943n	
bn:02995687n	http://dbpedia.org/resource/Lungo
bn:00005169n	http://dbpedia.org/resource/April
bn:00054991n	http://dbpedia.org/resource/Volunteer_(Ulster_loyalist)
bn:00582839n	http://dbpedia.org/resource/Collapse:_How_Societies_Choose_to_Fail_or_Succeed
bn:00077174n	http://dbpedia.org/resource/Ticket_(admission)
bn:03629423n	http://dbpedia.org/resource/Death_(Discworld)
bn:00035679n	http://dbpedia.org/resource/Pes_(anatomy)
bn:00110842a	
bn:00114909r	
bn:00047985n	http://dbpedia.org/resource/Japan
bn:00010631n	http://dbpedia.org/resource/Eagle
bn:00075760n	http://dbpedia.org/resource/Thermodynamic_system
bn:00017145n	
bn:00034777n	
bn:00093646v	
bn:00101201a	
bn:00023894n	http://dbpedia.org/resource/Crocodile
bn:00023270n	
bn:00000020n	http://dbpedia.org/resource/12_(number)
bn:00068519n	
bn:00083541v	
bn:00068688n	http://dbpedia.org/resource/Zabaione
bn:02935389n	http://dbpedia.org/resource/Student_(film)
bn:00112752a	
bn:00042829n	http://dbpedia.org/resource/Press_release
bn:00093759v	
bn:00057547n	http://dbpedia.org/resource/News_program
bn:00108295a	
bn:00031485n	http://dbpedia.org/resource/Error
bn:01783038n	http://dbpedia.org/resource/Moment_of_silence
bn:00047375n	
bn:00081857n	http://dbpedia.org/resource/Year
bn:00012814n	http://dbpedia.org/resource/Cabbage
bn:00086935v	
bn:00102850a	
bn:00067845n	http://dbpedia.org/resource/Suffrage
bn:00108320a	
bn:00006547n	http://dbpedia.org/resource/Association_football
bn:02347170n	http://dbpedia.org/resource/State_of_emergency
bn:00095665v	
bn:00006999n	
bn:00114487r	
bn:13753397n	
bn:00006877n	http://dbpedia.org/resource/Palladium
bn:13626288v	
bn:00113423a	
bn:00089346v	
bn:00082868v	
bn:00089885v	
bn:00043116n	
bn:00082481v	
bn:00101043a	
bn:00098282a	
bn:00088640v	
bn:00111281a	
bn:00006919n	http://dbpedia.org/resource/Francium
bn:00017676n	http://dbpedia.org/resource/Moron_(psychology)
bn:00106066a	
bn:00086430v	
bn:00100895a	
bn:00282594n	http://dbpedia.org/resource/1980_Irpinia_earthquake
bn:00044896n	http://dbpedia.org/resource/Hospital
bn:00402348n	http://dbpedia.org/resource/Appeal_to_Reason
bn:00014221n	http://dbpedia.org/resource/Mass_murder
bn:00085337v	
bn:00009716n	http://dbpedia.org/resource/Belief
bn:00113813a	
bn:00104767a	
bn:00091857v	
bn:00047159n	http://dbpedia.org/resource/Mile
bn:00067807n	http://dbpedia.org/resource/Rights
bn:00083997v	
bn:00111843a	
bn:00014182n	http://dbpedia.org/resource/Kiss
bn:00085271v	
bn:00110036a	
bn:00020642n	http://dbpedia.org/resource/College
bn:02254240n	http://dbpedia.org/resource/Maddalena_archipelago
bn:00046066n	
bn:00001734n	
bn:03820825n	http://dbpedia.org/resource/East_Asian_gothic_typeface
bn:03537395n	http://dbpedia.org/resource/Ari_Atoll
bn:00083221v	
bn:00182120n	http://dbpedia.org/resource/Free_software
bn:00084343v	
bn:00063351n	http://dbpedia.org/resource/Politics
bn:00115880r	
bn:00086944v	
bn:01696532n	http://dbpedia.org/resource/Dell_(landform)
bn:00041927n	http://dbpedia.org/resource/Innovator
bn:16621660n	http://dbpedia.org/resource/Decree_(band)
bn:00082937v	
bn:00092214v	
bn:00049181n	http://dbpedia.org/resource/Sweden
bn:00027993n	http://dbpedia.org/resource/Doctor_of_the_Church
bn:00087869v	
bn:00115742r	
bn:00063277n	http://dbpedia.org/resource/Politician
bn:00069282n	
bn:00035304n	http://dbpedia.org/resource/Floor
bn:00084733v	
bn:00063596n	http://dbpedia.org/resource/Population
bn:00087156v	
bn:00105122a	
bn:00080185n	
bn:00092861v	
bn:00001972n	
bn:00093883v	
bn:00075225n	http://dbpedia.org/resource/Building_superintendent
bn:00060927n	http://dbpedia.org/resource/Past
bn:00093336v	
bn:02066605n	http://dbpedia.org/resource/Tired_(EP)
bn:00104506a	
bn:00790891n	http://dbpedia.org/resource/Budrio
bn:00112223a	
bn:00109361a	
bn:03732744n	http://dbpedia.org/resource/Strikeforce:_Morituri
bn:00023466n	http://dbpedia.org/resource/Crack_cocaine
bn:00113206a	
bn:00078951n	http://dbpedia.org/resource/Uncle
bn:00088065v	
bn:00025547n	
bn:01462157n	http://dbpedia.org/resource/Letta
bn:00102099a	
bn:00015058n	http://dbpedia.org/resource/Campania
bn:00089660v	
bn:00048144n	http://dbpedia.org/resource/T-shirt
bn:00107267a	
bn:00085472v	
bn:00091949v	
bn:00014512n	http://dbpedia.org/resource/Cadaver
bn:00079827n	
bn:00005601n	http://dbpedia.org/resource/Argumentation_theory
bn:03821250n	http://dbpedia.org/resource/1D
bn:00006882n	http://dbpedia.org/resource/Tellurium
bn:00025766n	http://dbpedia.org/resource/Medal
bn:00088250v	
bn:00094912v	
bn:00104687a	
bn:16856983n	http://dbpedia.org/resource/ER_(song)
bn:00065623n	http://dbpedia.org/resource/Quatrain
bn:00117157r	
bn:00029243n	http://dbpedia.org/resource/Tour_of_duty
bn:00017681n	http://dbpedia.org/resource/Channel_(communications)
bn:03339564n	http://dbpedia.org/resource/RT_(TV_network)
bn:01344340n	http://dbpedia.org/resource/Sulmona
bn:00114196r	
bn:00836490n	http://dbpedia.org/resource/Bow_Wow_(rapper)
bn:00078162n	http://dbpedia.org/resource/Tremor
bn:00013722n	http://dbpedia.org/resource/Building
bn:00087203v	
bn:00116771r	
bn:01675315n	http://dbpedia.org/resource/Bernhard
bn:00012048n	http://dbpedia.org/resource/Television_set
bn:00085166v	
bn:03502345n	http://dbpedia.org/resource/Bagnasco
bn:02573674n	http://dbpedia.org/resource/Grow_Up_(Svoy_album)
bn:00017904n	http://dbpedia.org/resource/Chart
bn:00067941n	http://dbpedia.org/resource/Human_sacrifice
bn:00050409n	
bn:02062601n	http://dbpedia.org/resource/Necessity_(tort)
bn:00606361n	http://dbpedia.org/resource/French_submarine_Terrible_(S619)
bn:00032892n	http://dbpedia.org/resource/Household
bn:00002488n	http://dbpedia.org/resource/Album
bn:00116971r	
bn:00103672a	
bn:03103343n	http://dbpedia.org/resource/Yui_Aragaki
bn:00084021v	
bn:00116052r	
bn:00041551n	
bn:00090146v	
bn:00086783v	
bn:00015961n	http://dbpedia.org/resource/Cardinal_(Catholicism)
bn:00032600n	http://dbpedia.org/resource/Face
bn:00090400v	
bn:00005053n	http://dbpedia.org/resource/Clapping
bn:03106562n	http://dbpedia.org/resource/Bureaucracy_(video_game)
bn:00126260n	http://dbpedia.org/resource/April_6
bn:02589769n	http://dbpedia.org/resource/Stability_(short_story)
bn:00092428v	
bn:00091028v	
bn:00058821n	http://dbpedia.org/resource/Italian_language
bn:00059000n	
bn:00041239n	
bn:15804173n	
bn:14360771n	
bn:00107040a	
bn:00036837n	http://dbpedia.org/resource/Official
bn:00108799a	
bn:00000145n	http://dbpedia.org/resource/Year
bn:00047691n	http://dbpedia.org/resource/Yield_(finance)
bn:00064842n	
bn:00068672n	http://dbpedia.org/resource/Second
bn:00043564n	
bn:01625069n	http://dbpedia.org/resource/Internet_Leaks
bn:14851679n	http://dbpedia.org/resource/Oral_exam
bn:00012166n	http://dbpedia.org/resource/Boot
bn:00050146n	
bn:00086988v	
bn:00104880a	
bn:00085583v	
bn:00094089v	
bn:00626484n	http://dbpedia.org/resource/Shepherd_(surname)
bn:00013640n	http://dbpedia.org/resource/Budget
bn:02820264n	http://dbpedia.org/resource/Public_TV_(news_channel)
bn:00082375v	
bn:00047706n	http://dbpedia.org/resource/Italians
bn:00008047n	
bn:00059480n	http://dbpedia.org/resource/Organization
bn:00084056v	
bn:03707281n	http://dbpedia.org/resource/Digital_television
bn:00011339n	http://dbpedia.org/resource/Blog
bn:00082416v	
bn:10419927n	
bn:00025913n	
bn:00110647a	
bn:00056068n	http://dbpedia.org/resource/Mountain
bn:00087441v	
bn:00088175v	
bn:00110667a	
bn:00025995n	http://dbpedia.org/resource/Divinity
bn:00042697n	
bn:00043383n	http://dbpedia.org/resource/Heart
bn:00024130n	
bn:00089309v	
bn:00009635n	
bn:00104221a	
bn:17139609n	http://dbpedia.org/resource/Maya_(2001_film)
bn:00089497v	
bn:00010712n	http://dbpedia.org/resource/Pope
bn:00082536v	
bn:00055243n	http://dbpedia.org/resource/Minutes
bn:13708331n	
bn:00021526n	
bn:00111705a	
bn:02232290n	http://dbpedia.org/resource/Mini_(singer)
bn:00066407n	
bn:00052815n	http://dbpedia.org/resource/Mail
bn:00095465v	
bn:00078546n	http://dbpedia.org/resource/Tuesday
bn:00030698n	http://dbpedia.org/resource/Eulogy
bn:00015785n	http://dbpedia.org/resource/Railroad_car
bn:00081622n	
bn:00044995n	
bn:00040293n	http://dbpedia.org/resource/German_language
bn:00086698v	
bn:00011984n	http://dbpedia.org/resource/Slavery
bn:00083340v	
bn:00095627v	
bn:15075516n	http://dbpedia.org/resource/Courage_(Frankie_J_album)
bn:01630032n	http://dbpedia.org/resource/The_Hour_(newspaper)
bn:00079733n	http://dbpedia.org/resource/Venice
bn:00051402n	http://dbpedia.org/resource/Link_(unit)
bn:00082434v	
bn:03523107n	http://dbpedia.org/resource/Medolla
bn:00101294a	
bn:00086868v	
bn:00053132n	http://dbpedia.org/resource/Manchester
bn:00005159n	
bn:00100889a	
bn:00028604n	http://dbpedia.org/resource/Play_(theatre)
bn:00115266r	
bn:00021626n	http://dbpedia.org/resource/Curse
bn:00085363v	
bn:00019887n	http://dbpedia.org/resource/Clock
bn:00044941n	
bn:14456945n	
bn:00049816n	http://dbpedia.org/resource/Local_area_network
bn:01503275n	http://dbpedia.org/resource/Close_My_Eyes_(Sander_van_Doorn_song)
bn:00028190n	http://dbpedia.org/resource/Lord's_Day
bn:13686661v	
bn:00049836n	
bn:00069546n	http://dbpedia.org/resource/Scenario
bn:00028018n	http://dbpedia.org/resource/Document
bn:02591256n	http://dbpedia.org/resource/San_Felice,_Venice
bn:00001875n	http://dbpedia.org/resource/Afternoon
bn:00086013v	
bn:00019685n	
bn:00084074v	
bn:00084991v	
bn:17016491n	
bn:00053531n	http://dbpedia.org/resource/Wife
bn:00017622n	http://dbpedia.org/resource/Luck
bn:00106480a	
bn:00011824n	http://dbpedia.org/resource/Boiling_point
bn:00074453n	http://dbpedia.org/resource/Warehouse
bn:00001793n	http://dbpedia.org/resource/Panic
bn:17252253n	http://dbpedia.org/resource/Loader_(equipment)
bn:00102112a	
bn:00103933a	
bn:00087898v	
bn:00099543a	
bn:00016426n	
bn:15486076n	
bn:00017562n	
bn:00000356n	http://dbpedia.org/resource/Home
bn:00049709n	http://dbpedia.org/resource/Lake
bn:00980722n	http://dbpedia.org/resource/Symplectic_group
bn:00059437n	http://dbpedia.org/resource/Local_ordinance
bn:00079152n	http://dbpedia.org/resource/University
bn:00109157a	
bn:00019767n	http://dbpedia.org/resource/Cliff
bn:00048886n	http://dbpedia.org/resource/Souvenir
bn:00015556n	http://dbpedia.org/resource/Rome
bn:00097581a	
bn:13639666v	
bn:00010605n	http://dbpedia.org/resource/Bird
bn:00005532n	http://dbpedia.org/resource/Stadium
bn:00062699n	http://dbpedia.org/resource/Location_(geography)
bn:00016854n	http://dbpedia.org/resource/Cause_of_death
bn:00012896n	
bn:00103391a	
bn:00032035n	http://dbpedia.org/resource/Washington_(state)
bn:16891286n	http://dbpedia.org/resource/Agostino_(name)
bn:00010769n	
bn:02880643n	http://dbpedia.org/resource/Unfortunately
bn:00018995n	http://dbpedia.org/resource/Church_(building)
bn:15414147n	http://dbpedia.org/resource/Brenta_River
bn:00029242n	http://dbpedia.org/resource/Shift_work
bn:00001940n	http://dbpedia.org/resource/Old_age
bn:00114385r	
bn:00085464v	
bn:00060708n	http://dbpedia.org/resource/Parliament
bn:00098021a	
bn:00046143n	
bn:00083177v	
bn:00025645n	http://dbpedia.org/resource/December
bn:00041425n	http://dbpedia.org/resource/Grappa
bn:00074791n	
bn:03293835n	http://dbpedia.org/resource/Napolitano
bn:00023810n	http://dbpedia.org/resource/Syndicate
bn:00095812v	
bn:00016300n	http://dbpedia.org/resource/Trust_(electronics_company)
bn:00108830a	
bn:00048613n	
bn:00094009v	
bn:01147939n	http://dbpedia.org/resource/Təsi
bn:00085951v	
bn:00102546a	
bn:15688867n	http://dbpedia.org/resource/Hope
bn:02605689n	http://dbpedia.org/resource/Villa_Elaine
bn:03499413n	http://dbpedia.org/resource/Ci_(poetry)
bn:00108063a	
bn:00054133n	http://dbpedia.org/resource/Medicine
bn:00095823v	
bn:00048468n	
bn:00053078n	http://dbpedia.org/resource/Mammary_gland
bn:00019658n	http://dbpedia.org/resource/Transparency_and_translucency
bn:00093535v	
bn:03187182n	http://dbpedia.org/resource/AEC_Regent_III_RT
bn:00080771n	
bn:00021902n	
bn:00006994n	
bn:03645917n	http://dbpedia.org/resource/Settlement_(structural)
bn:00105368a	
bn:00091708v	
bn:00081568n	
bn:00063743n	
bn:00116373r	
bn:00045911n	http://dbpedia.org/resource/Illinois
bn:00107182a	
bn:00102336a	
bn:03517864n	http://dbpedia.org/resource/Busalla
bn:00108798a	
bn:03304058n	http://dbpedia.org/resource/Hospital_(TransMilenio)
bn:00058511n	http://dbpedia.org/resource/Obstacle
bn:00000111n	http://dbpedia.org/resource/Quaternion
bn:00080543n	http://dbpedia.org/resource/Waste
bn:00024407n	http://dbpedia.org/resource/Cunt
bn:00069735n	http://dbpedia.org/resource/Diver_propulsion_vehicle
bn:02009817n	http://dbpedia.org/resource/Gioia_(Milan_Metro)
bn:03305510n	http://dbpedia.org/resource/Brothers_&_Sisters_(2006_TV_series)
bn:02404645n	http://dbpedia.org/resource/Giorgio_Napolitano
bn:03885002n	http://dbpedia.org/resource/Province_of_Vicenza
bn:00114363r	
bn:00102083a	
bn:15410143n	
bn:00046282n	
bn:00057563n	http://dbpedia.org/resource/Newspaper
bn:00008044n	http://dbpedia.org/resource/Balance_(accounting)
bn:00089105v	
bn:00059436n	http://dbpedia.org/resource/Regulation
bn:00031898n	
bn:00084157v	
bn:00005514n	
bn:00116989r	
bn:01260136n	http://dbpedia.org/resource/Slave_(Amen_album)
bn:02045832n	http://dbpedia.org/resource/Michela
bn:00084526v	
bn:03404964n	http://dbpedia.org/resource/San_Felice_Circeo
bn:00006914n	http://dbpedia.org/resource/Thallium
bn:00086716v	
bn:00087212v	
bn:00075784n	http://dbpedia.org/resource/T
bn:00046705n	http://dbpedia.org/resource/Information
bn:14450568n	
bn:00087610v	
bn:00096445a	
bn:00049573n	http://dbpedia.org/resource/Project
bn:00005600n	
bn:00088454v	
bn:03292384n	http://dbpedia.org/resource/No_symbol
bn:00093433v	
bn:03281292n	http://dbpedia.org/resource/Barbagia
bn:00082811v	
bn:00023236n	http://dbpedia.org/resource/State_(polity)
bn:00028605n	
bn:00045229n	http://dbpedia.org/resource/Hunger
bn:00116386r	
bn:00018805n	http://dbpedia.org/resource/Saviour_(comics)
bn:02486775n	http://dbpedia.org/resource/Whore_(2004_film)
bn:00106059a	
bn:00084399v	
bn:00931953n	http://dbpedia.org/resource/Free_content
bn:00087040v	
bn:02073292n	http://dbpedia.org/resource/Emma_Marrone
bn:00084064v	
bn:00085998v	
bn:00000008n	http://dbpedia.org/resource/10_(number)
bn:00085715v	
bn:00088776v	
bn:00047730n	
bn:00087817v	
bn:00085327v	
bn:00000416n	http://dbpedia.org/resource/Abruzzi_e_Molise
bn:00090011v	
bn:00088756v	
bn:00096151a	
bn:00107825a	
bn:00046698n	
bn:00100785a	
bn:00101037a	
bn:00370379n	http://dbpedia.org/resource/Great_Man_theory
bn:03497692n	http://dbpedia.org/resource/Venaria_Reale
bn:00104411a	
bn:00070999n	http://dbpedia.org/resource/Shelf_(storage)
bn:00024459n	http://dbpedia.org/resource/Minister_(Christianity)
bn:00101787a	
bn:00034471n	http://dbpedia.org/resource/Film
bn:00088222v	
bn:00051982n	http://dbpedia.org/resource/Loop_(knot)
bn:00062569n	http://dbpedia.org/resource/Smoking_pipe
bn:00017339n	http://dbpedia.org/resource/Thought
bn:00082119v	
bn:00109765a	
bn:00052757n	http://dbpedia.org/resource/Magnitude_(mathematics)
bn:00070159n	
bn:00005720n	http://dbpedia.org/resource/Armagnac_(brandy)
bn:03074690n	http://dbpedia.org/resource/Ride_(Lana_Del_Rey_song)
bn:00113459a	
bn:00078173n	http://dbpedia.org/resource/Trend_analysis
bn:00082878v	
bn:00001426n	http://dbpedia.org/resource/Administration_(government)
bn:00081052n	http://dbpedia.org/resource/Whiteness
bn:00034982n	http://dbpedia.org/resource/Scourge
bn:00041640n	http://dbpedia.org/resource/Cross
bn:00082824v	
bn:00065899n	http://dbpedia.org/resource/Radio
bn:00067280n	http://dbpedia.org/resource/Research
bn:00060828n	
bn:00034797n	http://dbpedia.org/resource/Initiative_(chess)
bn:00053801n	http://dbpedia.org/resource/Stuff_(cloth)
bn:00099857a	
bn:00089449v	
bn:02494547n	http://dbpedia.org/resource/Oggi_(magazine)
bn:00114209r	
bn:00066021n	http://dbpedia.org/resource/Rail_transport
bn:00072794n	http://dbpedia.org/resource/Song
bn:03321354n	http://dbpedia.org/resource/Manuel_(Fawlty_Towers)
bn:00090472v	
bn:00087819v	
bn:00027369n	http://dbpedia.org/resource/Film_director
bn:00095974a	
bn:00100959a	
bn:00054924n	http://dbpedia.org/resource/Milan
bn:00005513n	http://dbpedia.org/resource/Area
bn:00086933v	
bn:00085516v	
bn:00098485a	
bn:00012758n	http://dbpedia.org/resource/Brand
bn:00083678v	
bn:00022157n	http://dbpedia.org/resource/Subject_(philosophy)
bn:13924367n	
bn:00008985n	http://dbpedia.org/resource/Slew_(spacecraft)
bn:00098100a	
bn:00078816n	http://dbpedia.org/resource/Typhon
bn:00063213n	
bn:00073625n	
bn:00099802a	
bn:00113940a	
bn:00023012n	http://dbpedia.org/resource/Costa_Rica
bn:00014403n	http://dbpedia.org/resource/California
bn:00072505n	http://dbpedia.org/resource/Soap_opera
bn:00025500n	
bn:00424764n	http://dbpedia.org/resource/Night_(band)
bn:00080772n	http://dbpedia.org/resource/World_Wide_Web
bn:00382659n	http://dbpedia.org/resource/Source_(album)
bn:15093667n	http://dbpedia.org/resource/Garg
bn:00083932v	
bn:01615270n	http://dbpedia.org/resource/Il_Gazzettino
bn:00020601n	
bn:00032654n	
bn:00028425n	http://dbpedia.org/resource/Doubt
bn:00064074n	
bn:00042754n	http://dbpedia.org/resource/Hamster
bn:00088992v	
bn:00042601n	http://dbpedia.org/resource/One_half
bn:00095085v	
bn:00003295n	http://dbpedia.org/resource/Ambulance
bn:00040878n	http://dbpedia.org/resource/God
bn:00075644n	http://dbpedia.org/resource/Syllable
bn:00089583v	
bn:00035494n	http://dbpedia.org/resource/Fly
bn:00008120n	http://dbpedia.org/resource/Ball
bn:01265918n	http://dbpedia.org/resource/Ravenna_(butterfly)
bn:00071964n	http://dbpedia.org/resource/Skiing
bn:03448792n	http://dbpedia.org/resource/Conjure_One_(album)
bn:00018374n	
bn:00026550n	http://dbpedia.org/resource/Desire
bn:00061897n	http://dbpedia.org/resource/Throat
bn:03199203n	http://dbpedia.org/resource/Italian_General_Confederation_of_Labour
bn:00109345a	
bn:15737248n	http://dbpedia.org/resource/Emilia_(album)
bn:00085382v	
bn:00086717v	
bn:00078733n	
bn:00092823v	
bn:01989509n	http://dbpedia.org/resource/Giro_Apo_T'_Oneiro
bn:00087611v	
bn:00087162v	
bn:14436857n	
bn:00031224n	
bn:00100611a	
bn:00030192n	http://dbpedia.org/resource/Electricity
bn:00012059n	http://dbpedia.org/resource/Book
bn:00021009n	http://dbpedia.org/resource/Condolences
bn:00074900n	http://dbpedia.org/resource/Topic–comment
bn:15902327n	
bn:17177153n	
bn:00028658n	http://dbpedia.org/resource/Dream
bn:00011340n	
bn:02926188n	http://dbpedia.org/resource/Forgotten_Country
bn:00017070n	http://dbpedia.org/resource/Celts
bn:03136815n	http://dbpedia.org/resource/Toll-free_telephone_number
bn:00116085r	
bn:00090362v	
bn:00102884a	
bn:00086700v	
bn:00111927a	
bn:00069550n	
bn:00067175n	http://dbpedia.org/resource/Replica
bn:13604860v	
bn:00082544v	
bn:00042068n	http://dbpedia.org/resource/Guatemala
bn:00000690n	http://dbpedia.org/resource/Accident
bn:01027221n	http://dbpedia.org/resource/Cit_(consciousness)
bn:00106108a	
bn:00044521n	http://dbpedia.org/resource/Home_Secretary
bn:00104164a	
bn:00080343n	
bn:00034676n	http://dbpedia.org/resource/Firearm
bn:00023946n	
bn:00649730n	http://dbpedia.org/resource/September_2012
bn:00084385v	
bn:00045772n	http://dbpedia.org/resource/Image
bn:01292912n	http://dbpedia.org/resource/Bean_(name)
bn:00001530n	http://dbpedia.org/resource/Woman
bn:00020414n	http://dbpedia.org/resource/Coffee
bn:00064601n	http://dbpedia.org/resource/Professor
bn:00007711n	
bn:03719873n	http://dbpedia.org/resource/Mario_Balotelli
bn:00064128n	http://dbpedia.org/resource/Prefect
bn:00114584r	
bn:00047021n	http://dbpedia.org/resource/Intellect
bn:00005019n	http://dbpedia.org/resource/Appeal
bn:00093447v	
bn:00083369v	
bn:00087075v	
bn:00092426v	
bn:00107879a	
bn:00016606n	http://dbpedia.org/resource/Cat
bn:00081906n	
bn:00085496v	
bn:00107275a	
bn:13685642a	
bn:00085373v	
bn:00082641v	
bn:00088230v	
bn:00002156n	http://dbpedia.org/resource/Aid
bn:00022764n	
bn:00101999a	
bn:00596782n	http://dbpedia.org/resource/Damages_(Jewish_law)
bn:00088954v	
bn:00037691n	http://dbpedia.org/resource/Generosity
bn:00053646n	
bn:03819101n	http://dbpedia.org/resource/Treviso
bn:00069279n	http://dbpedia.org/resource/Sardinia
bn:00020824n	
bn:00076930n	
bn:00070858n	http://dbpedia.org/resource/Wood_shingle
bn:00004085n	
bn:03196559n	http://dbpedia.org/resource/Olbia
bn:00102544a	
bn:00736975n	http://dbpedia.org/resource/Del
bn:00041411n	http://dbpedia.org/resource/Word_of_mouth
bn:00059953n	
bn:16997160n	
bn:00035630n	
bn:00046199n	http://dbpedia.org/resource/Pulse_(physics)
bn:00054278n	http://dbpedia.org/resource/Penis
bn:13604564n	
bn:00031125n	http://dbpedia.org/resource/Ephemeris_time
bn:00006171n	http://dbpedia.org/resource/Artificiality
bn:00066290n	http://dbpedia.org/resource/Ravine
bn:00086380v	
bn:00101411a	
bn:13678055v	
bn:00082772v	
bn:00100958a	
bn:01381978n	http://dbpedia.org/resource/Hospitality
bn:00019479n	http://dbpedia.org/resource/Course_(education)
bn:00082907v	
bn:00023360n	
bn:00024599n	
bn:00020012n	http://dbpedia.org/resource/Cloudburst
bn:00094234v	
bn:00000009n	http://dbpedia.org/resource/100_(number)
bn:00047354n	
bn:00100969a	
bn:00029771n	http://dbpedia.org/resource/Edition
bn:00066418n	
bn:00001077n	http://dbpedia.org/resource/Praxeology
bn:03014846n	http://dbpedia.org/resource/Passion_(2012_film)
bn:00090460v	
bn:03523089n	http://dbpedia.org/resource/Finale_Emilia
bn:00058732n	http://dbpedia.org/resource/Oil
bn:00082470v	
bn:00115313r	
bn:00087656v	
bn:00016569n	
bn:00047003n	http://dbpedia.org/resource/Rebellion
bn:00046019n	
bn:00086491v	
bn:00009703n	http://dbpedia.org/resource/Belfry_(architecture)
bn:00068696n	http://dbpedia.org/resource/Saturday
bn:00082761v	
bn:00098274a	
bn:00069126n	http://dbpedia.org/resource/Sand
bn:00000052n	http://dbpedia.org/resource/19_(number)
bn:00032675n	http://dbpedia.org/resource/Factory
bn:00082929v	
bn:00039438n	http://dbpedia.org/resource/Rana_(genus)
bn:17343201n	http://dbpedia.org/resource/Damage_(Pharoahe_Monch_song)
bn:00082684v	
bn:00089387v	
bn:01716690n	http://dbpedia.org/resource/Water_balloon
bn:00083342v	
bn:00079106n	http://dbpedia.org/resource/Units_of_measurement
bn:00074061n	http://dbpedia.org/resource/Statistics
bn:00009589n	http://dbpedia.org/resource/Beer
bn:00115322r	
bn:00090411v	
bn:00060585n	
bn:00029871n	
bn:00112146a	
bn:00106725a	
bn:00116860r	
bn:00087291v	
bn:00110892a	
bn:13718037v	
bn:00107941a	
bn:00016032n	http://dbpedia.org/resource/Negligence
bn:00006453n	http://dbpedia.org/resource/Fuck
bn:00106423a	
bn:14178890n	
bn:00002911n	http://dbpedia.org/resource/Apportionment_(politics)
bn:00051181n	
bn:00034022n	http://dbpedia.org/resource/Mare
bn:03376331n	http://dbpedia.org/resource/Local_time_(mathematics)
bn:00113830a	
bn:00084716v	
bn:01384158n	http://dbpedia.org/resource/Lollum
bn:00036197n	http://dbpedia.org/resource/Economic_model
bn:00083900v	
bn:00060834n	http://dbpedia.org/resource/Political_party
bn:01749997n	http://dbpedia.org/resource/Twitter_Power
bn:00055114n	
bn:00114117r	
bn:00032381n	http://dbpedia.org/resource/Photograph
bn:00060396n	
bn:00097461a	
bn:00069101n	http://dbpedia.org/resource/San_Diego
bn:00037486n	http://dbpedia.org/resource/Gate
bn:00054679n	
bn:00817911n	http://dbpedia.org/resource/June_2
bn:00089250v	
bn:13783659v	
bn:03464867n	http://dbpedia.org/resource/Modena
bn:00070305n	http://dbpedia.org/resource/Seismology
bn:14521125n	
bn:00095644v	
bn:00106070a	
bn:15057774n	http://dbpedia.org/resource/Rai_News24
bn:00023844n	http://dbpedia.org/resource/Crisis
bn:00005732n	http://dbpedia.org/resource/Military_branch
bn:00060113n	http://dbpedia.org/resource/Promotion_(marketing)
bn:00011750n	
bn:00106463a	
bn:00082414v	
bn:00022742n	http://dbpedia.org/resource/Horse_jumping_obstacles
bn:00054126n	http://dbpedia.org/resource/History_of_medicine
bn:00011888n	http://dbpedia.org/resource/Bologna
bn:00104050a	
bn:00032512n	http://dbpedia.org/resource/Eye
bn:00021015n	http://dbpedia.org/resource/Committee
bn:03411833n	http://dbpedia.org/resource/Natural_disaster
bn:00002587n	
bn:00093486v	
bn:00001882n	http://dbpedia.org/resource/Aftershock
bn:00103966a	
bn:00082246v	
bn:03521903n	http://dbpedia.org/resource/Moglia
bn:00041059n	
bn:00056135n	http://dbpedia.org/resource/Mouth
bn:00085165v	
bn:00021207n	http://dbpedia.org/resource/Democracy
bn:00095149v	
bn:02622667n	http://dbpedia.org/resource/Inline_linking
bn:00060717n	http://dbpedia.org/resource/Parmesan
bn:00097966a	
bn:00009764n	http://dbpedia.org/resource/Bell_tower
bn:00855968n	http://dbpedia.org/resource/Jennifer_Lopez
bn:00962032n	http://dbpedia.org/resource/Comes
bn:00108515a	
bn:00006845n	http://dbpedia.org/resource/Phosphorus
bn:00009834n	http://dbpedia.org/resource/Bypass_(road)
bn:02199193n	http://dbpedia.org/resource/Come_On_(The_New_Power_Generation_song)
bn:00090943v	
bn:00026152n	http://dbpedia.org/resource/Democratic_Party_(United_States)
bn:00111451a	
bn:00089800v	
bn:00075965n	http://dbpedia.org/resource/Talk_(software)
bn:00087507v	
bn:00000704n	http://dbpedia.org/resource/Accolade
bn:03460146n	http://dbpedia.org/resource/Seismic_scale
bn:16850710n	http://dbpedia.org/resource/Quirico
bn:00025501n	
bn:00000728n	http://dbpedia.org/resource/Pact
bn:01890410n	http://dbpedia.org/resource/Country_Is
bn:00067923n	
bn:03620676n	http://dbpedia.org/resource/Press_(song)
bn:00022270n	http://dbpedia.org/resource/Donation
bn:00083081v	
bn:00088421v	
bn:00102081a	
bn:00114084r	
bn:00101836a	
bn:00100190a	
bn:00060799n	http://dbpedia.org/resource/Player_(game)
bn:01484167n	http://dbpedia.org/resource/Libero_De_Rienzo
bn:00014640n	http://dbpedia.org/resource/Disaster
bn:00046155n	
bn:00007922n	http://dbpedia.org/resource/Bag
bn:13605845v	
bn:16481261n	http://dbpedia.org/resource/San_people
bn:00034265n	http://dbpedia.org/resource/Field_(agriculture)
bn:00092413v	
bn:00031712n	http://dbpedia.org/resource/Ethics
bn:00098517a	
bn:00107612a	
bn:02297341n	http://dbpedia.org/resource/Death_(metal_band)
bn:00042160n	
bn:00006747n	http://dbpedia.org/resource/Jock_(athlete)
bn:02104867n	http://dbpedia.org/resource/HTML_element
bn:00031654n	http://dbpedia.org/resource/Respect
bn:00024712n	http://dbpedia.org/resource/Cyberspace
bn:00002088n	
bn:00032225n	http://dbpedia.org/resource/World's_fair
bn:00085711v	
bn:03396846n	http://dbpedia.org/resource/LL_parser
bn:00019079n	http://dbpedia.org/resource/Cigar
bn:00085252v	
bn:00020580n	http://dbpedia.org/resource/Colic
bn:13603285v	
bn:00085475v	
bn:00090493v	
bn:00108879a	
bn:00114633r	
bn:00083240v	
bn:00016035n	
bn:00063616n	http://dbpedia.org/resource/Pork_barrel
bn:02317557n	http://dbpedia.org/resource/Wu_Ming
bn:00046363n	
bn:00055292n	
bn:00071019n	http://dbpedia.org/resource/Shelter_(building)
bn:14714723n	http://dbpedia.org/resource/Elementary_school_(United_States)
bn:00116535r	
bn:00084807v	
bn:00493225n	http://dbpedia.org/resource/Single-linkage_clustering
bn:00084676v	
bn:03267138n	http://dbpedia.org/resource/Backhoe_loader
bn:00019966n	http://dbpedia.org/resource/Closing_(real_estate)
bn:00055255n	http://dbpedia.org/resource/Mirage
bn:00025878n	
bn:00093426v	
bn:00023218n	http://dbpedia.org/resource/Password
bn:00083343v	
bn:00088211v	
bn:00057550n	http://dbpedia.org/resource/News_agency
bn:00099608a	
bn:00107232a	
bn:00104605a	
bn:00089384v	
bn:00043817n	http://dbpedia.org/resource/Heterodoxy
bn:00116106r	
bn:15971591n	http://dbpedia.org/resource/News_(band)
bn:00082227v	
bn:00093642v	
bn:03622358n	http://dbpedia.org/resource/Actually
bn:00097318a	
bn:00031538n	
bn:03789727n	http://dbpedia.org/resource/Seismic_wave
bn:00051968n	http://dbpedia.org/resource/Looking
bn:00001533n	http://dbpedia.org/resource/Man
bn:00070059n	http://dbpedia.org/resource/Punctuality
bn:00029239n	http://dbpedia.org/resource/Obligation
bn:00096382a	
bn:02652429n	http://dbpedia.org/resource/Derailed_(2002_film)
bn:00076744n	http://dbpedia.org/resource/Thursday
bn:00073092n	http://dbpedia.org/resource/Spanish_language
bn:03330063n	http://dbpedia.org/resource/Trader_(comics)
bn:00031723n	http://dbpedia.org/resource/Ethnic_joke
bn:00107786a	
bn:00036334n	http://dbpedia.org/resource/Free_(rapper)
bn:00019944n	http://dbpedia.org/resource/Sign-off
bn:00092535v	
bn:01113463n	http://dbpedia.org/resource/Let_Me
bn:00114309r	
bn:00089636v	
bn:13717216v	
bn:00096059a	
bn:00009078n	http://dbpedia.org/resource/Engagement_(military)
bn:00099981a	
bn:00106911a	
bn:00010739n	
bn:01982468n	http://dbpedia.org/resource/Vs._(Pearl_Jam_album)
bn:00059609n	
bn:00114626r	
bn:00070302n	http://dbpedia.org/resource/Seismometer
bn:00083079v	
bn:00838957n	http://dbpedia.org/resource/Al-lāt
bn:02527429n	http://dbpedia.org/resource/Municipalities_of_Portugal
bn:00100948a	
bn:00028286n	
bn:00085348v	
bn:00106071a	
bn:00070219n	
bn:03673727n	http://dbpedia.org/resource/Carmen_(name)
bn:00088643v	
bn:00021286n	http://dbpedia.org/resource/Company
bn:00054300n	http://dbpedia.org/resource/Memory
bn:00082272v	
bn:00089472v	
bn:00106928a	
bn:00013077n	http://dbpedia.org/resource/Bridge
bn:00082073n	
bn:15886609n	http://dbpedia.org/resource/Good_Sign
bn:00103282a	
bn:00006873n	http://dbpedia.org/resource/Molybdenum
bn:00031140n	http://dbpedia.org/resource/Epicenter
bn:13625772v	
bn:00070651n	http://dbpedia.org/resource/Service_(economics)
bn:00050204n	
bn:00100042a	
bn:14823503n	
bn:00082800v	
bn:00018544n	
bn:00093733v	
bn:00053946n	http://dbpedia.org/resource/Maya_civilization
bn:00009304n	http://dbpedia.org/resource/Beak
bn:00108340a	
bn:00030719n	
bn:03374933n	http://dbpedia.org/resource/Bagnacavallo
bn:00110995a	
bn:00091921v	
bn:00013531n	
bn:00107292a	
bn:00029770n	
bn:00046516n	http://dbpedia.org/resource/Individual
bn:00088789v	
bn:03864854n	http://dbpedia.org/resource/Factory_(trading_post)
bn:00101429a	
bn:00093757v	
bn:02590404n	http://dbpedia.org/resource/Lac-Mégantic,_Quebec
bn:00092969v	
bn:00087966v	
bn:00073568n	
bn:00002954n	http://dbpedia.org/resource/Flood
bn:00090940v	
bn:03857005n	http://dbpedia.org/resource/Vento_Aureo
bn:00100335a	
bn:00010957n	http://dbpedia.org/resource/Black_pepper
bn:00016986n	
bn:00007085n	http://dbpedia.org/resource/Auction
bn:16668707n	http://dbpedia.org/resource/Anna_(The_Courteeners_album)
bn:00006121n	
bn:00016991n	
bn:00013446n	
bn:00053450n	
bn:00081257n	http://dbpedia.org/resource/Winch
bn:00071172n	http://dbpedia.org/resource/Shoe
bn:01322530n	http://dbpedia.org/resource/User_(telecommunications)
bn:00458849n	http://dbpedia.org/resource/Flood_(surname)
bn:00102487a	
bn:02448081n	http://dbpedia.org/resource/Romagna
bn:14688545n	
bn:00036182n	
bn:00086542v	
bn:00104366a	
bn:00060158n	http://dbpedia.org/resource/Page_(paper)
bn:00079972n	http://dbpedia.org/resource/Video
bn:00019281n	
bn:00100060a	
bn:00469630n	http://dbpedia.org/resource/LAUNCH_Media
bn:00083978v	
bn:00104701a	
bn:00018914n	http://dbpedia.org/resource/Geochronology
bn:00093389v	
bn:00085869v	
bn:00497653n	http://dbpedia.org/resource/Critical_Situation
bn:00078131n	http://dbpedia.org/resource/Tree
bn:00026093n	
bn:00057867n	http://dbpedia.org/resource/Noise_pollution
bn:00077899n	http://dbpedia.org/resource/Tragedy
bn:00031653n	
bn:00094535v	
bn:14883417n	http://dbpedia.org/resource/Shock_(circulatory)
bn:00014623n	http://dbpedia.org/resource/Calabria
bn:00020509n	
bn:03783167n	http://dbpedia.org/resource/Phlegraean_Fields
bn:00052556n	
bn:00022995n	http://dbpedia.org/resource/Cost
bn:00002413n	http://dbpedia.org/resource/Alarm_clock
bn:00031896n	http://dbpedia.org/resource/Europe
bn:00025236n	http://dbpedia.org/resource/Night
bn:00102774a	
bn:03386667n	http://dbpedia.org/resource/U.C._Sampdoria
bn:00000665n	http://dbpedia.org/resource/Access_(economics)
bn:00050207n	http://dbpedia.org/resource/Launch_(boat)
bn:00087617v	
bn:00031888n	http://dbpedia.org/resource/Euro
bn:00022269n	
bn:00025114n	http://dbpedia.org/resource/Damnation
bn:00079238n	
bn:00110767a	
bn:00093430v	
bn:00098905a	
bn:00114513r	
bn:00053278n	http://dbpedia.org/resource/Mantua_(clothing)
bn:00085393v	
bn:00072727n	
bn:00052858n	http://dbpedia.org/resource/Mainland
bn:00009020n	http://dbpedia.org/resource/Toilet_(room)
bn:00034116n	http://dbpedia.org/resource/Ferrara
bn:00055570n	http://dbpedia.org/resource/Molise
bn:00102650a	
bn:13697616v	
bn:00030584n	
bn:00066655n	http://dbpedia.org/resource/International_Red_Cross_and_Red_Crescent_Movement
bn:00032045n	http://dbpedia.org/resource/Evidence
bn:01264556n	http://dbpedia.org/resource/Autostrada_A7_(Italy)
bn:00064426n	
bn:01893288n	http://dbpedia.org/resource/Sign_(Beni_song)
bn:00000738n	http://dbpedia.org/resource/Histories_(Herodotus)
bn:03138219n	http://dbpedia.org/resource/Bō
bn:00104589a	
bn:00084387v	
bn:03688703n	http://dbpedia.org/resource/Fotografía
bn:00110858a	
bn:15375544n	http://dbpedia.org/resource/Coast_Hotels
bn:00082138v	
bn:03518746n	http://dbpedia.org/resource/Rossiglione
bn:14794177n	
bn:00011442n	
bn:00103501a	
bn:00088334v	
bn:00064837n	
bn:00005017n	
bn:00092424v	
bn:00005434n	http://dbpedia.org/resource/Archipelago
bn:00089791v	
bn:14566897n	
bn:00058285n	http://dbpedia.org/resource/Number
bn:00021559n	http://dbpedia.org/resource/Concert
bn:00070830n	http://dbpedia.org/resource/Shadow
bn:00114308r	
bn:00116966r	
bn:00060224n	http://dbpedia.org/resource/Palace
bn:00084848v	
bn:00077689n	http://dbpedia.org/resource/Torte
bn:00096817a	
bn:00002154n	
bn:00008043n	
bn:00084684v	
bn:02033559n	http://dbpedia.org/resource/Damage_(Jenkins_novel)
bn:01330931n	http://dbpedia.org/resource/Damage_(You_Am_I_song)
bn:00946750n	http://dbpedia.org/resource/Arrest
bn:00034623n	
bn:00107893a	
bn:00085623v	
bn:00002178n	http://dbpedia.org/resource/Intention
bn:00104951a	
bn:00085556v	
bn:00087731v	
bn:01960707n	http://dbpedia.org/resource/Challapata
bn:15235172n	
bn:00076732n	http://dbpedia.org/resource/Text_(literary_theory)
bn:00027663n	http://dbpedia.org/resource/Displaced_person
bn:02093014n	http://dbpedia.org/resource/Race_and_ethnicity_in_the_United_States_Census
bn:00152002n	http://dbpedia.org/resource/Barracks
bn:00086787v	
bn:00092878v	
bn:00086815v	
bn:00014710n	http://dbpedia.org/resource/Month
bn:16612709n	http://dbpedia.org/resource/Modena_pigeon
bn:00031605n	http://dbpedia.org/resource/Spain
bn:00077549n	
bn:00041491n	http://dbpedia.org/resource/Gravitation
bn:00082770v	
bn:00019333n	http://dbpedia.org/resource/Mayor
bn:01187943n	http://dbpedia.org/resource/Culture
bn:13763778r	
bn:00090854v	
bn:00030616n	http://dbpedia.org/resource/Employment
bn:00090462v	
bn:00097890a	
bn:00082472v	
bn:00050165n	http://dbpedia.org/resource/Latin_America
bn:00116895r	
bn:00111084a	
bn:00101358a	
bn:00028934n	http://dbpedia.org/resource/Land
bn:03451881n	http://dbpedia.org/resource/Bombe
bn:00094501v	
bn:00067258n	http://dbpedia.org/resource/Rest_in_peace
bn:00034701n	http://dbpedia.org/resource/Florence
bn:00056857n	http://dbpedia.org/resource/Narration
bn:00029648n	http://dbpedia.org/resource/Eclipse
bn:00088210v	
bn:00019965n	
bn:00088102v	
bn:00091022v	
bn:00086790v	
bn:00025879n	
bn:00070894n	http://dbpedia.org/resource/Shanghainese
bn:00114660r	
bn:00010217n	http://dbpedia.org/resource/Authorship_of_the_Bible
bn:00064244n	http://dbpedia.org/resource/Presidio
bn:00010157n	
bn:00012930n	http://dbpedia.org/resource/Breakfast
bn:00092083v	
bn:00115153r	
bn:00045970n	http://dbpedia.org/resource/Mental_image
bn:00082667v	
bn:00037734n	http://dbpedia.org/resource/Genoa
bn:01677047n	http://dbpedia.org/resource/Foggia
bn:00082339v	
bn:00006451n	
bn:00084594v	
bn:00029913n	
bn:00109521a	
bn:00082286v	
bn:00114073r	
bn:00067074n	
bn:00102074a	
bn:00087881v	
bn:00036554n	
bn:00035907n	
bn:00101598a	
bn:00017640n	http://dbpedia.org/resource/Chandelier
bn:00084714v	
bn:00104007a	
bn:00111315a	
bn:13604191a	
bn:00113431a	
bn:13601282v	
bn:00109485a	
bn:00056915n	
bn:00022271n	http://dbpedia.org/resource/Donation
bn:00099527a	
bn:00080229n	http://dbpedia.org/resource/Volume
bn:00085281v	
bn:00085416v	
bn:13692514n	
bn:00076767n	
bn:00017029n	http://dbpedia.org/resource/Mobile_phone
bn:00041942n	
bn:00021961n	http://dbpedia.org/resource/Result
bn:00019832n	
bn:00100949a	
bn:00094316v	
bn:00006912n	http://dbpedia.org/resource/Oxygen
bn:00084744v	
bn:13781822n	
bn:00054720n	http://dbpedia.org/resource/Nostradamus
bn:00055094n	http://dbpedia.org/resource/Minute
bn:00058698n	http://dbpedia.org/resource/Police_officer
bn:00032679n	
bn:13755788v	
bn:00090294v	
bn:00058969n	
bn:01439425n	http://dbpedia.org/resource/Northern_Italy
bn:00095204v	
bn:00053947n	http://dbpedia.org/resource/Mayan_languages
bn:00068991n	http://dbpedia.org/resource/Salt_(chemistry)
bn:00006872n	http://dbpedia.org/resource/Niobium
bn:00077773n	http://dbpedia.org/resource/Town
bn:00014879n	
bn:00008995n	http://dbpedia.org/resource/Bathroom
bn:00069619n	http://dbpedia.org/resource/School
bn:00949956n	http://dbpedia.org/resource/Like_Me
bn:00075535n	
bn:01417936n	http://dbpedia.org/resource/Italian_Red_Cross
bn:00097846a	
bn:00096894a	
bn:00042090n	
bn:00095847v	
bn:00053318n	http://dbpedia.org/resource/March
bn:00668236n	http://dbpedia.org/resource/Trentino
bn:00094915v	
bn:00032122n	
bn:00000739n	
bn:00096407a	
bn:00077667n	http://dbpedia.org/resource/Tornado
bn:00029441n	
bn:15243363n	
bn:00054842n	
bn:00087364v	
bn:13695960v	
bn:00083920v	
bn:13665184n	
bn:00067975n	http://dbpedia.org/resource/Road
bn:00024065n	
bn:00115029r	
bn:00631850n	http://dbpedia.org/resource/Roberto_Mancini
bn:00100334a	
bn:14195156n	http://dbpedia.org/resource/Regions_of_France
bn:00090161v	
bn:00112249a	
bn:00023010n	
bn:00115380r	
bn:00065798n	
bn:00025084n	
bn:00033729n	http://dbpedia.org/resource/Mode_(literature)
bn:00053363n	http://dbpedia.org/resource/Marche
bn:02634905n	http://dbpedia.org/resource/Será_(album)
bn:00056443n	http://dbpedia.org/resource/Music
bn:00073699n	http://dbpedia.org/resource/Team
bn:00000706n	
bn:00090283v	
bn:00014793n	
bn:03415680n	http://dbpedia.org/resource/Constitutional_law
bn:14461623n	http://dbpedia.org/resource/Renzi
bn:00123268n	http://dbpedia.org/resource/House_plan
bn:00002155n	
bn:00096562a	
bn:00103347a	
bn:00027356n	
bn:00042519n	http://dbpedia.org/resource/Hail
bn:00069278n	
bn:00002012n	
bn:00107274a	
bn:01328897n	http://dbpedia.org/resource/March_29
bn:00082788v	
bn:00093076v	
bn:00082637v	
bn:00077270n	http://dbpedia.org/resource/Time
bn:00088291v	
bn:13657096r	
bn:00076768n	
bn:03216758n	http://dbpedia.org/resource/Alghero
bn:00086643v	
bn:00020164n	http://dbpedia.org/resource/Coast
bn:00037180n	http://dbpedia.org/resource/Game
bn:00095597v	
bn:01303995n	http://dbpedia.org/resource/Connections_(TV_series)
bn:00033854n	http://dbpedia.org/resource/Fear
bn:00014169n	
bn:01004378n	http://dbpedia.org/resource/La_Repubblica
bn:00083242v	
bn:00110471a	
bn:00076312n	
bn:00108829a	
bn:00824516n	http://dbpedia.org/resource/RT_(energy)
bn:00110046a	
bn:00018345n	http://dbpedia.org/resource/Minor_(law)
bn:00109046a	
bn:00116767r	
bn:00018021n	http://dbpedia.org/resource/General_medical_examination
bn:00090008v	
bn:00050284n	http://dbpedia.org/resource/Lawn
bn:00114905r	
bn:00088940v	
bn:16389380n	http://dbpedia.org/resource/Structural_integrity_and_failure
bn:00060201n	http://dbpedia.org/resource/Painting
bn:00020348n	http://dbpedia.org/resource/Finale_(music)
bn:00028778n	
bn:00096625a	
bn:00064245n	
bn:00064914n	http://dbpedia.org/resource/Province
bn:00092783v	
bn:00028783n	
bn:02195762n	http://dbpedia.org/resource/There_Is_a_Hell,_Believe_Me_I've_Seen_It._There_Is_a_Heaven,_Let's_Keep_It_a_Secret.
bn:00953156n	http://dbpedia.org/resource/Angel_(given_name)
bn:00019780n	http://dbpedia.org/resource/Climate
bn:00020194n	http://dbpedia.org/resource/Finishing_(textiles)
bn:00071870n	
bn:00023556n	http://dbpedia.org/resource/Shit
bn:00061325n	http://dbpedia.org/resource/Punishment
bn:02103633n	http://dbpedia.org/resource/Maya_(M.I.A._album)
bn:03159408n	http://dbpedia.org/resource/Queen_(band)
bn:00078705n	
bn:01880219n	http://dbpedia.org/resource/Ançã_(Cantanhede)
bn:00970811n	http://dbpedia.org/resource/Airsoft
bn:00041478n	
bn:00066571n	http://dbpedia.org/resource/Reconstruction_(architecture)
bn:00064699n	http://dbpedia.org/resource/Promise
bn:00101121a	
bn:03367765n	http://dbpedia.org/resource/Rainout_(sports)
bn:00000075n	http://dbpedia.org/resource/2_(number)
bn:13658184a	
bn:00056059n	http://dbpedia.org/resource/Truck
bn:00089890v	
bn:15683246n	http://dbpedia.org/resource/New_(album)
bn:00082426v	
bn:00069946n	http://dbpedia.org/resource/Sea
bn:00016828n	
bn:00064129n	http://dbpedia.org/resource/Prefecture
bn:00009479n	
bn:00090128v	
bn:03722635n	http://dbpedia.org/resource/Online_newspaper
bn:00015205n	http://dbpedia.org/resource/Candidate_(degree)
bn:00085714v	
bn:00082740v	
bn:00010203n	http://dbpedia.org/resource/India
bn:00024144n	
bn:00007890n	
bn:02167872n	http://dbpedia.org/resource/Bagna_càuda
bn:00083836v	
bn:00069842n	http://dbpedia.org/resource/Screaming_(music)
bn:03268092n	http://dbpedia.org/resource/Libera_Università_Internazionale_degli_Studi_Sociali_Guido_Carli
bn:02945983n	http://dbpedia.org/resource/Associazione_Guide_e_Scouts_Cattolici_Italiani
bn:00077462n	
bn:00004802n	
bn:00048655n	http://dbpedia.org/resource/Law
bn:13709181r	
bn:00082075n	
bn:00106935a	
bn:00000011n	http://dbpedia.org/resource/10000_(number)
bn:00049666n	
bn:01534894n	http://dbpedia.org/resource/ASCA_(news_agency)
bn:00088200v	
bn:00011878n	http://dbpedia.org/resource/Bolivia
bn:00082428v	
bn:00087679v	
bn:00085614v	
bn:00042306n	
bn:00055416n	
bn:00028246n	
bn:00104348a	
bn:00055609n	http://dbpedia.org/resource/Monday
bn:00087655v	
bn:03624775n	http://dbpedia.org/resource/Facebook
bn:02291563n	http://dbpedia.org/resource/F.A.M.E._(album)
bn:00061303n	http://dbpedia.org/resource/Rain_(entertainer)
bn:00062020n	http://dbpedia.org/resource/Telephone
bn:16684259n	
bn:00102543a	
bn:15340131n	http://dbpedia.org/resource/Roar_(song)
bn:00027544n	
bn:00102492a	
bn:00048592n	http://dbpedia.org/resource/June
bn:00097488a	
bn:00004222n	http://dbpedia.org/resource/Animal
bn:00099866a	
bn:00025083n	http://dbpedia.org/resource/Price
bn:00020437n	http://dbpedia.org/resource/Coffeemaker
bn:00086370v	
bn:00083969v	
bn:00085368v	
bn:00088098v	
bn:00101092a	
bn:00113944a	
bn:00071163n	
bn:01373743n	http://dbpedia.org/resource/Importance
bn:01569569n	http://dbpedia.org/resource/Rai_Open
bn:00042669n	
bn:00063640n	http://dbpedia.org/resource/Port
bn:00043603n	
bn:01630701n	http://dbpedia.org/resource/Emma_(given_name)
bn:00032402n	http://dbpedia.org/resource/Thoroughfare
bn:00094453v	
bn:00022991n	http://dbpedia.org/resource/Macrocosm_and_microcosm
bn:00094279v	
bn:00036063n	
bn:00105558a	
bn:01336282n	http://dbpedia.org/resource/Maria_(given_name)
bn:00076496n	
bn:01232621n	http://dbpedia.org/resource/Islamic_view_of_angels
bn:00088107v	
bn:00023301n	http://dbpedia.org/resource/Tribunal
bn:01070446n	http://dbpedia.org/resource/Recanati
bn:00031973n	http://dbpedia.org/resource/Evaluation
bn:00092745v	
bn:00010728n	
bn:00090271v	
bn:00022026n	http://dbpedia.org/resource/Constabulary
bn:00094936v	
bn:00066884n	http://dbpedia.org/resource/Region
bn:00008467n	
bn:00073643n	http://dbpedia.org/resource/Youth
bn:00026554n	http://dbpedia.org/resource/Desk
bn:00104681a	
bn:03284262n	http://dbpedia.org/resource/Mantua
bn:00044576n	http://dbpedia.org/resource/Human
bn:00066372n	http://dbpedia.org/resource/Reading_(process)
bn:13691454n	
bn:00002411n	http://dbpedia.org/resource/Alarm_device
bn:00036813n	http://dbpedia.org/resource/Fun
bn:00058715n	
bn:00103974a	
bn:15941509n	http://dbpedia.org/resource/Downstairs_(EP)
bn:00022006n	
bn:00114047r	
bn:00085120v	
bn:00063734n	http://dbpedia.org/resource/Self-control
bn:00101935a	
bn:00090489v	
bn:00006808n	http://dbpedia.org/resource/Weather
bn:00029116n	http://dbpedia.org/resource/Dumpster
bn:00035804n	
bn:00091892v	
bn:00097970a	
bn:02135532n	http://dbpedia.org/resource/Sardus
bn:00027566n	http://dbpedia.org/resource/Shame
bn:00099460a	
bn:00032830n	http://dbpedia.org/resource/Waterfall
bn:00016494n	http://dbpedia.org/resource/Casserole
bn:00093485v	
bn:00056727n	http://dbpedia.org/resource/Nail_(anatomy)
bn:03891862n	http://dbpedia.org/resource/Earthquake_(cocktail)
bn:00006883n	http://dbpedia.org/resource/Iodine
bn:00085168v	
bn:00086931v	
bn:00044514n	http://dbpedia.org/resource/Home_page
bn:00074472n	
bn:00094914v	
bn:16254843n	
bn:00027422n	
bn:00055177n	http://dbpedia.org/resource/Humanitarian_aid
bn:00002216n	http://dbpedia.org/resource/Air_current
bn:00045800n	http://dbpedia.org/resource/Idea
bn:01346568n	http://dbpedia.org/resource/Pocket_(Sam_Sparro_song)
bn:00032120n	
bn:01278225n	http://dbpedia.org/resource/Raga
bn:00020598n	
bn:01766009n	http://dbpedia.org/resource/Gioacchino
bn:00084007v	
bn:00077519n	
bn:00337234n	http://dbpedia.org/resource/Liberal_Revolution_of_1820
bn:00005706n	
bn:00150512n	http://dbpedia.org/resource/Desenzano_del_Garda
bn:00114766r	
bn:00011444n	
bn:00034749n	http://dbpedia.org/resource/First_aid
bn:00025314n	http://dbpedia.org/resource/Data
bn:00091878v	
bn:00067567n	
bn:00029223n	http://dbpedia.org/resource/Indonesia
bn:00017081n	http://dbpedia.org/resource/Cement
bn:00104594a	
bn:13736748v	
bn:01450639n	http://dbpedia.org/resource/Franceschini
bn:03412698n	http://dbpedia.org/resource/Centro_(Madrid)
bn:00023268n	
bn:00075151n	http://dbpedia.org/resource/Summer
bn:00057575n	
bn:00102716a	
bn:00438402n	http://dbpedia.org/resource/Piadina
bn:00095375v	
bn:03464204n	http://dbpedia.org/resource/Aquí
bn:00096815a	
bn:00085696v	
bn:00072297n	http://dbpedia.org/resource/Traffic_collision
bn:00034625n	http://dbpedia.org/resource/Fire
bn:02515020n	http://dbpedia.org/resource/Provinces_of_Italy
bn:00013775n	http://dbpedia.org/resource/Horseshit
bn:00022997n	
bn:00073240n	http://dbpedia.org/resource/Speculation
bn:00003195n	http://dbpedia.org/resource/Master_of_Arts
bn:00018346n	http://dbpedia.org/resource/Child
bn:00090487v	
bn:00043484n	http://dbpedia.org/resource/Week
bn:00074790n	
bn:00015265n	http://dbpedia.org/resource/Golden_jackal
bn:00060222n	
bn:00018660n	
bn:03332781n	http://dbpedia.org/resource/Catastrophe_(drama)
bn:00101415a	
bn:00089724v	
bn:00029424n	http://dbpedia.org/resource/Earth
bn:03556187n	http://dbpedia.org/resource/Prada
bn:00000010n	http://dbpedia.org/resource/1000_(number)
bn:03538130n	http://dbpedia.org/resource/Barcis
bn:03375252n	http://dbpedia.org/resource/Favourite
bn:00114946r	
bn:00007846n	
bn:00114747r	
bn:00029719n	http://dbpedia.org/resource/Erectile_dysfunction
bn:00022460n	http://dbpedia.org/resource/Coordinated_Universal_Time
bn:00042379n	http://dbpedia.org/resource/Water
bn:00090856v	
bn:00082429v	
bn:00028247n	http://dbpedia.org/resource/Door
bn:03294984n	http://dbpedia.org/resource/Bassa_people_(Cameroon)
bn:00013561n	
bn:00079151n	
bn:00047358n	http://dbpedia.org/resource/Investment
bn:03371570n	http://dbpedia.org/resource/Jeans
bn:16213358n	
bn:00082233v	
bn:03884863n	http://dbpedia.org/resource/Province_of_Ferrara
bn:00090408v	
bn:00012681n	http://dbpedia.org/resource/Nous
bn:00041192n	http://dbpedia.org/resource/Political_science
bn:00045972n	http://dbpedia.org/resource/Image_(mathematics)
bn:00057219n	
bn:00043267n	
bn:16679283n	http://dbpedia.org/resource/Artificial_(film)
bn:00083346v	
bn:00085088v	
bn:01197803n	http://dbpedia.org/resource/Teletext
bn:00094881v	
bn:00093472v	
bn:00499043n	http://dbpedia.org/resource/ALERT_(medical_facility)
bn:00103233a	
bn:00079675n	http://dbpedia.org/resource/Vehicle
bn:03888236n	http://dbpedia.org/resource/Province_of_Treviso
bn:00067587n	http://dbpedia.org/resource/Rh_blood_group_system
bn:00046568n	http://dbpedia.org/resource/Physical_plant
bn:01764859n	http://dbpedia.org/resource/Gabrielli_(Gabrielli_di_Gubbio)
bn:00115235r	
bn:00044268n	http://dbpedia.org/resource/History
bn:15301224n	http://dbpedia.org/resource/Rubble
bn:00114319r	
bn:00075745n	http://dbpedia.org/resource/Synthesizer
bn:00005803n	http://dbpedia.org/resource/Army
bn:00092265v	
bn:00071370n	
bn:00010729n	
bn:00014136n	http://dbpedia.org/resource/Companies_law
bn:16341963n	
bn:00192948n	http://dbpedia.org/resource/Iseo,_Lombardy
bn:00071215n	
bn:02473030n	http://dbpedia.org/resource/1H
bn:00103924a	
bn:03471300n	http://dbpedia.org/resource/Trepuzzi
bn:00035052n	
bn:00042759n	http://dbpedia.org/resource/Hand
bn:03537674n	http://dbpedia.org/resource/Bonorva
bn:00088159v	
bn:00093226v	
bn:00116153r	
bn:00072101n	http://dbpedia.org/resource/Sleep
bn:00491918n	http://dbpedia.org/resource/Tomorrow_(Voulez-vous_un_rendez-vous)
bn:00036062n	
bn:00015558n	http://dbpedia.org/resource/Tokyo
bn:00083951v	
bn:00083857v	
bn:00063069n	
bn:00090098v	
bn:00082427v	
bn:00082872v	
bn:00095449v	
bn:00024138n	
bn:00012560n	http://dbpedia.org/resource/Boxing
bn:00063356n	http://dbpedia.org/resource/Politics_(Aristotle)
bn:00005232n	http://dbpedia.org/resource/L'Aquila
bn:00022112n	
bn:00085648v	
bn:13790628v	
bn:03458456n	http://dbpedia.org/resource/Litfiba
bn:00032299n	
bn:00040935n	http://dbpedia.org/resource/Gold_medal
bn:00055644n	http://dbpedia.org/resource/Money
bn:00071707n	http://dbpedia.org/resource/Sin
bn:00030721n	http://dbpedia.org/resource/Intrinsic_value_(ethics)
bn:00089312v	
bn:00058073n	
bn:01226885n	http://dbpedia.org/resource/Virgin_of_Mercy
bn:00016401n	
bn:00018452n	http://dbpedia.org/resource/Chinese_language
bn:00010304n	http://dbpedia.org/resource/Big_Brother_(Nineteen_Eighty-Four)
bn:00017120n	
bn:00058164n	
bn:00036538n	
bn:00008108n	
bn:13702298v	
bn:01599784n	http://dbpedia.org/resource/Carpi,_Emilia-Romagna
bn:00067948n	http://dbpedia.org/resource/River
bn:00018734n	http://dbpedia.org/resource/Helicopter
bn:00089817v	
bn:00852310n	http://dbpedia.org/resource/La_Maddalena
bn:00008857n	http://dbpedia.org/resource/Basilica
bn:00067181n	http://dbpedia.org/resource/Report
bn:00088959v	
bn:01696504n	http://dbpedia.org/resource/Finale_(song)
bn:03872827n	http://dbpedia.org/resource/Want_To
bn:00079815n	http://dbpedia.org/resource/Verona
bn:00093286v	
bn:00042241n	http://dbpedia.org/resource/Shootout
bn:00098480a	
bn:00068799n	http://dbpedia.org/resource/Safety
bn:00021757n	
bn:16727876n	http://dbpedia.org/resource/2013_Savar_building_collapse
bn:03378516n	http://dbpedia.org/resource/Acute-phase_protein
bn:00066028n	http://dbpedia.org/resource/Train
bn:00092332v	
bn:00024743n	http://dbpedia.org/resource/Cyclone
bn:03523066n	http://dbpedia.org/resource/Bastiglia
bn:03284662n	http://dbpedia.org/resource/Regulation_of_Interception_of_Communications_and_Provision_of_Communication-related_Information_Act,_2002
bn:17302738n	
bn:00034512n	http://dbpedia.org/resource/Final_(competition)
bn:00018388n	http://dbpedia.org/resource/Frisson
bn:03762065n	http://dbpedia.org/resource/Alert_state
bn:00087007v	
bn:00114159r	
bn:00085719v	
bn:14654327n	http://dbpedia.org/resource/Coming_into_force
bn:00101230a	
bn:00016570n	http://dbpedia.org/resource/Castle
bn:00059121n	http://dbpedia.org/resource/Operating_theater
bn:00114456r	
bn:00045824n	http://dbpedia.org/resource/Personal_identity
bn:00923195n	http://dbpedia.org/resource/Collapsing_manifold
bn:00306395n	http://dbpedia.org/resource/Dead_Man_(Carry_Me)
bn:00083459v	
bn:00086670v	
bn:01288088n	http://dbpedia.org/resource/Adnkronos
bn:00044419n	
bn:03243104n	http://dbpedia.org/resource/Closed_set
bn:01053102n	http://dbpedia.org/resource/Los_Angeles_International_Airport
bn:00041452n	http://dbpedia.org/resource/Grasshopper
bn:00087732v	
bn:00002410n	
bn:00025634n	http://dbpedia.org/resource/Debris
bn:00600166n	http://dbpedia.org/resource/Shock_(Fear_Factory_song)
bn:00015051n	
bn:00045286n	
bn:00084907v	
bn:00088913v	
bn:00022843n	
bn:00960766n	http://dbpedia.org/resource/Death_(EP)
bn:00096043a	
bn:00095595v	
bn:00091165v	
bn:03888242n	http://dbpedia.org/resource/Province_of_Rovigo
bn:01712890n	http://dbpedia.org/resource/Šišma
bn:00761835n	http://dbpedia.org/resource/Stargate_SG-1_(season_2)
bn:00091181v	
bn:00649633n	http://dbpedia.org/resource/April_2009
bn:00098893a	
bn:02549141n	http://dbpedia.org/resource/Psychosis_(journal)
bn:00054299n	
bn:00107963a	
bn:00001258n	http://dbpedia.org/resource/Seyhan
bn:00078798n	
bn:00021483n	http://dbpedia.org/resource/Data_storage_device
bn:00075812n	http://dbpedia.org/resource/Table_(information)
bn:00025523n	
bn:00084893v	
bn:00124017n	http://dbpedia.org/resource/Orlando,_Florida
bn:14584234n	http://dbpedia.org/resource/Misericórdia_(Lisbon)
bn:00109379a	
bn:00096592a	
bn:00083809v	
bn:00085121v	
bn:17100510n	http://dbpedia.org/resource/Sella_(surname)
bn:00079790n	http://dbpedia.org/resource/Verdicchio
bn:00038663n	http://dbpedia.org/resource/Melissa_(plant)
bn:00030751n	
bn:00104384a	
bn:00114303r	
bn:02575996n	http://dbpedia.org/resource/Bianca_Modenese
bn:00044274n	
bn:00057578n	http://dbpedia.org/resource/Newsstand_(application)
bn:00048025n	
bn:00768947n	http://dbpedia.org/resource/Mother_Nature
bn:13808098n	http://dbpedia.org/resource/PACT_(interaction_design)
bn:00058828n	
bn:00077682n	
bn:00087864v	
bn:03518730n	http://dbpedia.org/resource/Montoggio
bn:13692440r	
bn:00054944n	
bn:00034394n	
bn:00106719a	
bn:00075431n	http://dbpedia.org/resource/Surveying
bn:00115154r	
bn:03185384n	http://dbpedia.org/resource/Government_budget
bn:00110289a	
bn:01354049n	http://dbpedia.org/resource/Hashtag
bn:00084932v	
bn:00109211a	
bn:00105064a	
bn:00000939n	http://dbpedia.org/resource/Citation
bn:00853419n	http://dbpedia.org/resource/Connectivity_(graph_theory)
bn:00054523n	http://dbpedia.org/resource/Message
bn:00040666n	
bn:00092421v	
bn:00020599n	
bn:00084059v	
bn:00011389n	http://dbpedia.org/resource/Serum_(blood)
bn:03117521n	http://dbpedia.org/resource/Interim_management
bn:00062297n	
bn:00089178v	
bn:00017171n	http://dbpedia.org/resource/Central_America
bn:03745456n	http://dbpedia.org/resource/Severity_(video_game)
bn:00082573v	
bn:00083371v	
bn:00058286n	http://dbpedia.org/resource/Telephone_number
bn:03308069n	http://dbpedia.org/resource/Premier_(Canada)
bn:00109848a	
bn:00002848n	
bn:03760298n	http://dbpedia.org/resource/Nn_(newsreader)
bn:00048871n	http://dbpedia.org/resource/Kea
bn:00083762v	
bn:00043821n	
bn:00034453n	http://dbpedia.org/resource/Girl
bn:00087051v	
bn:00079036n	http://dbpedia.org/resource/Wave
bn:01678712n	http://dbpedia.org/resource/Request_Tracker
bn:00105751a	
bn:15632248n	
bn:15986109n	
bn:00020264n	http://dbpedia.org/resource/Stopcock
bn:00085716v	
bn:00093639v	
bn:03522310n	http://dbpedia.org/resource/Piazzola_sul_Brenta
bn:00077575n	
bn:00085319v	
bn:00084302v	
bn:03357706n	http://dbpedia.org/resource/NeWS
bn:00030169n	http://dbpedia.org/resource/Thunderstorm
bn:00114203r	
bn:13754433v	
bn:00085320v	
bn:00006911n	http://dbpedia.org/resource/Gold
bn:00105280a	
bn:00459234n	http://dbpedia.org/resource/Spirit_(Leona_Lewis_album)
bn:00001127n	
bn:00078509n	http://dbpedia.org/resource/Tsunami
bn:00017123n	http://dbpedia.org/resource/Midpoint
bn:00057863n	
bn:01177188n	http://dbpedia.org/resource/Special_edition
bn:00005439n	http://dbpedia.org/resource/Plan_(drawing)
bn:00037008n	http://dbpedia.org/resource/Joke
bn:00000013n	http://dbpedia.org/resource/Million
bn:00099258a	
bn:16489506n	http://dbpedia.org/resource/Wonderful_People_(remix_EP)
bn:14194518n	http://dbpedia.org/resource/Visit_(Internet)
bn:00109743a	
bn:00019811n	http://dbpedia.org/resource/Hug
bn:00026887n	http://dbpedia.org/resource/Diary
bn:00107269a	
bn:00692604n	http://dbpedia.org/resource/DBP_(gene)
bn:00109623a	
bn:00073398n	http://dbpedia.org/resource/Spinner_(computing)
bn:00080079n	http://dbpedia.org/resource/Virtual_reality
bn:00090051v	
bn:00068782n	http://dbpedia.org/resource/Sadness
bn:00100962a	
bn:00114694r	
bn:02673782n	http://dbpedia.org/resource/Night_of_Terror
bn:00102972a	
bn:00052511n	
bn:00077766n	http://dbpedia.org/resource/Tower
bn:00040436n	http://dbpedia.org/resource/Gift
bn:16295128n	http://dbpedia.org/resource/Massimiliano
bn:00093288v	
bn:00077888n	http://dbpedia.org/resource/Traffic
bn:00087942v	
bn:00099475a	
bn:16734104n	http://dbpedia.org/resource/Social_network
bn:00054012n	
bn:00079916n	http://dbpedia.org/resource/Vice
bn:00225885n	http://dbpedia.org/resource/Lake_Iseo
bn:00075904n	http://dbpedia.org/resource/Tail
bn:03195554n	http://dbpedia.org/resource/Mount_Circeo
bn:00791108n	http://dbpedia.org/resource/Fright_(film)
bn:00066490n	http://dbpedia.org/resource/Receipt
bn:00006125n	http://dbpedia.org/resource/Clothing
bn:00048644n	http://dbpedia.org/resource/Military_junta
bn:00071382n	http://dbpedia.org/resource/Shutter_(photography)
bn:00016689n	
bn:00093290v	
bn:00064038n	
bn:00086683v	
bn:00110515a	
bn:03030335n	http://dbpedia.org/resource/Try_(Pink_song)
bn:00098805a	
bn:00008141n	
bn:00026684n	http://dbpedia.org/resource/Germany
bn:00090452v	
bn:00069328n	
bn:00084998v	
bn:00022162n	http://dbpedia.org/resource/Table_of_contents
bn:00084297v	
bn:00017368n	http://dbpedia.org/resource/Security_(finance)
bn:00111312a	
bn:00006920n	http://dbpedia.org/resource/Radium
bn:00019358n	http://dbpedia.org/resource/Civil_defense
bn:03325666n	http://dbpedia.org/resource/King_of_da_Ghetto
bn:00082477v	
bn:00063940n	http://dbpedia.org/resource/Power_(social_and_political)
bn:00086389v	
bn:00061450n	http://dbpedia.org/resource/People
bn:00848554n	http://dbpedia.org/resource/Toram_language
bn:03294849n	http://dbpedia.org/resource/Object_(image_processing)
bn:00044967n	http://dbpedia.org/resource/Hotel
bn:00084198v	
bn:00115840r	
bn:00091493v	
bn:00003341n	http://dbpedia.org/resource/United_States
bn:02614546n	http://dbpedia.org/resource/Innovation_(album)
bn:00077747n	http://dbpedia.org/resource/Tourism
bn:00026014n	http://dbpedia.org/resource/Wait_(system_call)
bn:00066596n	
bn:00112312a	
bn:00098909a	
bn:00015937n	http://dbpedia.org/resource/Cardboard
bn:13615419v	
bn:00034601n	
bn:00082306v	
bn:02000750n	http://dbpedia.org/resource/La_gazzetta
bn:00084892v	
bn:00113060a	
bn:00085506v	
bn:00093934v	
bn:00085489v	
bn:13653681n	
bn:00090364v	
bn:00058442n	http://dbpedia.org/resource/Physical_body
bn:00063703n	http://dbpedia.org/resource/Status_(law)
bn:02188688n	http://dbpedia.org/resource/3G
bn:03406920n	http://dbpedia.org/resource/Deal_(Greek_game_show)
bn:00004531n	http://dbpedia.org/resource/Chamaemelum_nobile
bn:00074458n	http://dbpedia.org/resource/Storm
bn:02901792n	http://dbpedia.org/resource/Huntingtin
bn:13735891v	
bn:00087150v	
bn:02264816n	http://dbpedia.org/resource/Social
bn:00093939v	
bn:00091716v	
bn:00050673n	http://dbpedia.org/resource/Lens_(optics)
bn:00021330n	http://dbpedia.org/resource/Compensation_(psychology)
bn:00093287v	
bn:00111427a	
bn:00057379n	
bn:13710953n	
bn:03276394n	http://dbpedia.org/resource/Suspended
bn:00078753n	http://dbpedia.org/resource/Twin
bn:00083093v	
bn:00001454n	http://dbpedia.org/resource/Wonder_(emotion)
bn:00084058v	
bn:00064853n	http://dbpedia.org/resource/Mentorship
bn:00023596n	
bn:14061343n	http://dbpedia.org/resource/The_gospel
bn:00099727a	
bn:00035767n	
bn:00011348n	
bn:00103344a	
bn:00083370v	
bn:00002439n	http://dbpedia.org/resource/Albania
bn:00110738a	
bn:00066574n	http://dbpedia.org/resource/Archaeological_record
bn:00019384n	http://dbpedia.org/resource/Civilization
bn:00013639n	
bn:00114455r	
bn:00114422r	
bn:01178943n	http://dbpedia.org/resource/TG1
bn:00149690n	http://dbpedia.org/resource/BOH_(drug)
bn:01517518n	http://dbpedia.org/resource/AnnoZero
bn:00071828n	http://dbpedia.org/resource/Siren_(mythology)
bn:00096111a	
bn:00049112n	http://dbpedia.org/resource/Kilometre
bn:03579307n	http://dbpedia.org/resource/State_funeral
bn:03814867n	http://dbpedia.org/resource/Irpinia
bn:00095596v	
bn:00055334n	http://dbpedia.org/resource/Missouri
bn:13677110v	
bn:00083301v	
bn:00111505a	
bn:00013777n	
bn:00090485v	
bn:00106124a	
bn:01081163n	http://dbpedia.org/resource/Video_game_bot
bn:00006893n	http://dbpedia.org/resource/Samarium
bn:00015050n	http://dbpedia.org/resource/Political_campaign
bn:14927084n	
bn:00129361n	http://dbpedia.org/resource/Scholz
bn:00094934v	
bn:00082958v	
bn:00093738v	
bn:00062350n	
bn:00381053n	http://dbpedia.org/resource/Victims_(song)
bn:00095572v	
bn:00033693n	http://dbpedia.org/resource/Farmhouse
bn:00025419n	http://dbpedia.org/resource/Daytime_(astronomy)
bn:00018819n	
bn:00037030n	
bn:00086277v	
bn:00089278v	
bn:00074633n	http://dbpedia.org/resource/Stress_(biology)
bn:16327786n	
bn:00229520n	http://dbpedia.org/resource/Tilt_(drink)
bn:00089961v	
bn:11293958n	
bn:00082447v	
bn:00089731v	
bn:00093681v	
bn:00083286v	
bn:03120895n	http://dbpedia.org/resource/Pope_Benedict_XVI
bn:00050161n	http://dbpedia.org/resource/Latin
bn:00007884n	
bn:00096926a	
bn:00082665v	
bn:03412694n	http://dbpedia.org/resource/Social_media
bn:00116060r	
bn:00019918n	
bn:00032653n	http://dbpedia.org/resource/Fax
bn:00011999n	http://dbpedia.org/resource/Bone
bn:15819901n	http://dbpedia.org/resource/Heard_(surname)
bn:00025327n	http://dbpedia.org/resource/Geodetic_datum
bn:00012592n	
bn:00027810n	http://dbpedia.org/resource/District
bn:00068233n	http://dbpedia.org/resource/Room
bn:00068547n	http://dbpedia.org/resource/Run_(cricket)
bn:13605020a	
bn:00085585v	
bn:00071428n	
bn:00086982v	
bn:00051508n	http://dbpedia.org/resource/Listing_(computer)
bn:13708834a	
bn:13686852v	
bn:00014098n	http://dbpedia.org/resource/George_W._Bush
bn:02911664n	http://dbpedia.org/resource/Richter_(surname)
bn:00087885v	
bn:00113435a	
bn:00096217a	
bn:00084710v	
bn:00447173n	http://dbpedia.org/resource/Grow_(Kubb_song)
bn:00088201v	
bn:00049847n	
bn:00051045n	
bn:00079373n	http://dbpedia.org/resource/User_(computing)
bn:00056337n	http://dbpedia.org/resource/Municipality
bn:00090548v	
bn:00114632r	
bn:00026610n	
bn:00064527n	
bn:00100677a	
bn:02855543n	http://dbpedia.org/resource/Normal_conditions
bn:00011917n	http://dbpedia.org/resource/Bomb
bn:00102038a	
bn:03110487n	http://dbpedia.org/resource/Shock_Records
bn:00089406v	
bn:00114248r	
bn:00047172n	http://dbpedia.org/resource/Grothendieck_topology
bn:00077028n	http://dbpedia.org/resource/Units_of_textile_measurement
bn:00071315n	
bn:00009322n	http://dbpedia.org/resource/Bean
bn:00082690v	
bn:00001287n	http://dbpedia.org/resource/Addiction
bn:00005410n	
bn:00055105n	
bn:00088963v	
bn:00086271v	
bn:16179225n	
bn:00082818v	
bn:00100385a	
bn:00007309n	http://dbpedia.org/resource/Car
bn:00082769v	
bn:00012569n	http://dbpedia.org/resource/Boy
bn:00027490n	http://dbpedia.org/resource/Disco
bn:00110561a	
bn:00354455n	http://dbpedia.org/resource/Mancini
bn:00008198n	http://dbpedia.org/resource/Ballot
bn:00063330n	http://dbpedia.org/resource/Policy
bn:00029051n	http://dbpedia.org/resource/North
bn:00084298v	
bn:14815714n	http://dbpedia.org/resource/Come_(Prince_album)
bn:00087845v	
bn:00004801n	http://dbpedia.org/resource/Anxiety
