bn:00024488n	http://dbpedia.org/resource/Curiosity
bn:00083966v	
bn:00031998n	http://dbpedia.org/resource/Evening
bn:00080386n	http://dbpedia.org/resource/Wall
bn:00089993v	
bn:00071525n	http://dbpedia.org/resource/Signal_(bridge)
bn:00050182n	http://dbpedia.org/resource/Lazio
bn:03323876n	http://dbpedia.org/resource/Two-legged_tie
bn:01253570n	http://dbpedia.org/resource/Mild_ale
bn:00088762v	
bn:00084080v	
bn:00082333v	
bn:00030581n	http://dbpedia.org/resource/Emotion
bn:00084785v	
bn:00013008n	http://dbpedia.org/resource/Brescia
bn:00114079r	
bn:00047358n	http://dbpedia.org/resource/Investment
bn:00073272n	http://dbpedia.org/resource/Veronica_(plant)
bn:00062319n	http://dbpedia.org/resource/Piedmont
bn:03720519n	http://dbpedia.org/resource/Software_portability
bn:00009805n	
bn:00087012v	
bn:00016401n	
bn:00115635r	
bn:03523228n	http://dbpedia.org/resource/Bondeno
bn:00085975v	
bn:01531708n	http://dbpedia.org/resource/Onna_(L'Aquila)
bn:00089533v	
bn:00094797v	
bn:03522337n	http://dbpedia.org/resource/Saletto
bn:00097939a	
bn:00040846n	http://dbpedia.org/resource/Goal_(sport)
bn:00086403v	
bn:00021221n	http://dbpedia.org/resource/Communication
bn:00087461v	
bn:03740390n	http://dbpedia.org/resource/Internet_traffic
bn:00035914n	http://dbpedia.org/resource/Phase_(matter)
bn:00092330v	
bn:00031647n	http://dbpedia.org/resource/Estate_(law)
bn:00100677a	
bn:00088095v	
bn:00084236v	
bn:13601521v	
bn:00026107n	http://dbpedia.org/resource/Need
bn:00345412n	http://dbpedia.org/resource/Giorgio_(name)
bn:00084631v	
bn:00017100n	http://dbpedia.org/resource/Cent_(United_States_coin)
bn:00082723v	
bn:00025080n	
bn:00067744n	http://dbpedia.org/resource/Richter_magnitude_scale
bn:00086685v	
bn:17299368n	http://dbpedia.org/resource/Incidence_(epidemiology)
bn:00070537n	http://dbpedia.org/resource/September
bn:00116353r	
bn:00096667a	
bn:00067105n	
bn:00087087v	
bn:00103624a	
bn:00082591v	
bn:00021478n	
bn:00008782n	http://dbpedia.org/resource/Foundation_(engineering)
bn:00071355n	http://dbpedia.org/resource/Shrine
bn:00096456a	
bn:00088854v	
bn:00089154v	
bn:00091653v	
bn:00106125a	
bn:00035323n	http://dbpedia.org/resource/Street_prostitution
bn:00088915v	
bn:00019625n	http://dbpedia.org/resource/Mud
bn:00098172a	
bn:00009717n	
bn:00008462n	http://dbpedia.org/resource/Bar_(establishment)
bn:00467308n	http://dbpedia.org/resource/The_World_(archipelago)
bn:00054297n	http://dbpedia.org/resource/Memorial
bn:00096898a	
bn:15221658n	
bn:00099859a	
bn:13601769v	
bn:00041353n	http://dbpedia.org/resource/Grandee
bn:00030525n	http://dbpedia.org/resource/Emergency
bn:14037830n	http://dbpedia.org/resource/Download
bn:00114514r	
bn:00016974n	http://dbpedia.org/resource/Ceiling
bn:00034631n	http://dbpedia.org/resource/Firefighter
bn:00086709v	
bn:00095829v	
bn:00091675v	
bn:13603200a	
bn:00071410n	http://dbpedia.org/resource/Sicily
bn:03234105n	http://dbpedia.org/resource/Property_damage
bn:00001936n	http://dbpedia.org/resource/Aging_of_wine
bn:00081546n	http://dbpedia.org/resource/Word
bn:00051108n	http://dbpedia.org/resource/Light
bn:00276382n	http://dbpedia.org/resource/Body_count
bn:00016759n	http://dbpedia.org/resource/Cathedral
bn:00095628v	
bn:00080066n	http://dbpedia.org/resource/Virginity
bn:00041258n	
bn:00083189v	
bn:01858159n	http://dbpedia.org/resource/Awake!
bn:00053896n	
bn:00006989n	
bn:00059141n	http://dbpedia.org/resource/Operator_(mathematics)
bn:00085586v	
bn:00100761a	
bn:00106777a	
bn:00041227n	
bn:00089105v	
bn:00006140n	http://dbpedia.org/resource/Knee
bn:01176688n	http://dbpedia.org/resource/Contravention
bn:01004522n	http://dbpedia.org/resource/Porto_Recanati
bn:00024244n	
bn:00087865v	
bn:00599755n	http://dbpedia.org/resource/Angelo,_Wisconsin
bn:00091875v	
bn:00087321v	
bn:00001582n	
bn:00087234v	
bn:02938982n	http://dbpedia.org/resource/Errani
bn:00073338n	http://dbpedia.org/resource/Spider
bn:00037552n	http://dbpedia.org/resource/Gazebo
bn:00005704n	http://dbpedia.org/resource/Weapon
bn:00102417a	
bn:00005025n	http://dbpedia.org/resource/Appearance_(law)
bn:00014138n	http://dbpedia.org/resource/Job
bn:00896780n	http://dbpedia.org/resource/Manchester_City_F.C.
bn:00047716n	http://dbpedia.org/resource/Regions_of_Italy
bn:00093170v	
bn:00084119v	
bn:00021127n	http://dbpedia.org/resource/European_Union
bn:00072816n	http://dbpedia.org/resource/Truth
bn:01244466n	http://dbpedia.org/resource/Kuril_Islands
bn:00024162n	http://dbpedia.org/resource/Crying
bn:00044268n	http://dbpedia.org/resource/History
bn:00111700a	
bn:00077726n	
bn:00042894n	
bn:00020813n	http://dbpedia.org/resource/Columbidae
bn:00079152n	http://dbpedia.org/resource/University
bn:02234695n	http://dbpedia.org/resource/Ain't
bn:00045979n	http://dbpedia.org/resource/Imagination
bn:00100882a	
bn:00112923a	
bn:00086046v	
bn:00089975v	
bn:00019848n	
bn:00030484n	
bn:00086818v	
bn:00093378v	
bn:00016473n	http://dbpedia.org/resource/Casino
bn:00005599n	http://dbpedia.org/resource/Argument
bn:00092023v	
bn:00035984n	http://dbpedia.org/resource/Dynamics_(music)
bn:00845677n	http://dbpedia.org/resource/Ball_(mathematics)
bn:00088204v	
bn:00081857n	http://dbpedia.org/resource/Year
bn:00043391n	
bn:00057104n	
bn:00021559n	http://dbpedia.org/resource/Concert
bn:00079676n	
bn:00097891a	
bn:00075094n	
bn:00082666v	
bn:00089863v	
bn:16391222n	
bn:00047028n	
bn:00076928n	
bn:00084801v	
bn:00026980n	http://dbpedia.org/resource/Didactic_method
bn:15264446n	
bn:00035370n	http://dbpedia.org/resource/Fluid_dynamics
bn:00059303n	
bn:00055031n	http://dbpedia.org/resource/Millennium
bn:13653875r	
bn:00027451n	http://dbpedia.org/resource/Expense
bn:00087250v	
bn:02019935n	http://dbpedia.org/resource/Fiorello!
bn:03447521n	http://dbpedia.org/resource/Polla
bn:00099474a	
bn:00005913n	http://dbpedia.org/resource/Buttocks
bn:00084231v	
bn:00054703n	http://dbpedia.org/resource/Myocardial_infarction
bn:01879126n	http://dbpedia.org/resource/All-news_radio
bn:01894886n	http://dbpedia.org/resource/Cipó
bn:03412901n	http://dbpedia.org/resource/Stephano_(moon)
bn:00103936a	
bn:00080746n	http://dbpedia.org/resource/Wealth
bn:00086682v	
bn:00048461n	http://dbpedia.org/resource/Journalist
bn:00114076r	
bn:00008674n	
bn:14505599n	http://dbpedia.org/resource/Income
bn:00055146n	http://dbpedia.org/resource/Miniskirt
bn:00015666n	http://dbpedia.org/resource/Capitate_bone
bn:15632248n	
bn:00113837a	
bn:00036562n	http://dbpedia.org/resource/Kidney_bean
bn:03471300n	http://dbpedia.org/resource/Trepuzzi
bn:03697828n	http://dbpedia.org/resource/Lunar_mare
bn:00111392a	
bn:00091599v	
bn:00100490a	
bn:00089894v	
bn:00103831a	
bn:00004584n	http://dbpedia.org/resource/Anthropology
bn:14450568n	
bn:00089583v	
bn:00190000n	http://dbpedia.org/resource/Dell,_Arkansas
bn:00072080n	
bn:00010002n	
bn:04593877n	
bn:00090231v	
bn:00086357v	
bn:17181407n	
bn:00114043r	
bn:01919112n	http://dbpedia.org/resource/Palma_Cathedral
bn:00561577n	http://dbpedia.org/resource/Tsunami_warning_system
bn:00028425n	http://dbpedia.org/resource/Doubt
bn:00076647n	
bn:16073100n	
bn:00052121n	http://dbpedia.org/resource/Love
bn:00099577a	
bn:00089574v	
bn:00082249v	
bn:00100206a	
bn:00088938v	
bn:00088815v	
bn:00228071n	http://dbpedia.org/resource/Catanzaro
bn:00051054n	http://dbpedia.org/resource/Life
bn:00018312n	http://dbpedia.org/resource/Chico_Marx
bn:00060145n	http://dbpedia.org/resource/Padua
bn:00087680v	
bn:00114165r	
bn:00002185n	http://dbpedia.org/resource/Atmosphere_of_Earth
bn:00064428n	http://dbpedia.org/resource/Principle
bn:00746092n	http://dbpedia.org/resource/Advanced_Satellite_for_Cosmology_and_Astrophysics
bn:00080116n	
bn:00032381n	http://dbpedia.org/resource/Photograph
bn:00097461a	
bn:00029365n	
bn:00114091r	
bn:00113456a	
bn:03340209n	http://dbpedia.org/resource/Outsider_(Dungeons_&_Dragons)
bn:00025702n	http://dbpedia.org/resource/Numerical_digit
bn:00094090v	
bn:00083372v	
bn:00076816n	
bn:00011346n	http://dbpedia.org/resource/Blood
bn:00012180n	http://dbpedia.org/resource/Stall_(enclosure)
bn:00018320n	http://dbpedia.org/resource/Scottish_clan_chief
bn:00062677n	
bn:00088428v	
bn:00026071n	
bn:00106206a	
bn:00110803a	
bn:00030553n	http://dbpedia.org/resource/Emilia-Romagna
bn:00025597n	http://dbpedia.org/resource/Inheritance_tax
bn:00002848n	
bn:00083623v	
bn:00093438v	
bn:00091950v	
bn:00055441n	http://dbpedia.org/resource/Linguistic_modality
bn:02941898n	http://dbpedia.org/resource/Big_(TV_series)
bn:00100561a	
bn:00335899n	http://dbpedia.org/resource/Remer,_Minnesota
bn:00066631n	http://dbpedia.org/resource/Red
bn:00104461a	
bn:00002415n	
bn:00063069n	
bn:00092969v	
bn:08377669n	
bn:00184267n	http://dbpedia.org/resource/Carmen_Sandiego
bn:00015056n	http://dbpedia.org/resource/Civil_society_campaign
bn:01388195n	http://dbpedia.org/resource/Bruno_Vespa
bn:00085162v	
bn:00014623n	http://dbpedia.org/resource/Calabria
bn:00046568n	http://dbpedia.org/resource/Physical_plant
bn:00090852v	
bn:00057546n	http://dbpedia.org/resource/News
bn:00030401n	http://dbpedia.org/resource/Greece
bn:03518746n	http://dbpedia.org/resource/Rossiglione
bn:00005434n	http://dbpedia.org/resource/Archipelago
bn:00040337n	
bn:00094635v	
bn:15718440n	
bn:00101795a	
bn:00085212v	
bn:00054972n	http://dbpedia.org/resource/Officer_(armed_forces)
bn:00068552n	http://dbpedia.org/resource/Running
bn:02085261n	http://dbpedia.org/resource/Riva_del_Garda
bn:00110721a	
bn:00026239n	http://dbpedia.org/resource/Residency_(domicile)
bn:00095735v	
bn:00013138n	http://dbpedia.org/resource/Brindisi
bn:00810105n	http://dbpedia.org/resource/Mediaset
bn:15997274n	
bn:00079940n	
bn:00101517a	
bn:00047338n	http://dbpedia.org/resource/Inverse_(mathematics)
bn:00041075n	
bn:00113366a	
bn:00095449v	
bn:00057219n	
bn:00106801a	
bn:00001572n	http://dbpedia.org/resource/Adventure
bn:00032604n	
bn:00050186n	http://dbpedia.org/resource/Latvian_lats
bn:00092431v	
bn:00096292a	
bn:00082507v	
bn:00034718n	http://dbpedia.org/resource/Fireworks
bn:00007495n	
bn:13809700n	http://dbpedia.org/resource/Salini_Impregilo
bn:00083773v	
bn:00096644a	
bn:00045632n	http://dbpedia.org/resource/Theory
bn:00007020n	http://dbpedia.org/resource/Attention
bn:00004452n	
bn:00092757v	
bn:00016413n	http://dbpedia.org/resource/Data_type
bn:00082412v	
bn:00105670a	
bn:00017517n	http://dbpedia.org/resource/Chairman
bn:00055141n	http://dbpedia.org/resource/Ming_dynasty
bn:00106681a	
bn:00091361v	
bn:00086122v	
bn:00085095v	
bn:16093113n	
bn:03302599n	http://dbpedia.org/resource/Earthquake_(film)
bn:00082954v	
bn:00046854n	http://dbpedia.org/resource/Inquest
bn:00043196n	
bn:00096341a	
bn:00004836n	http://dbpedia.org/resource/Apartment
bn:00114246r	
bn:00080759n	
bn:00009754n	http://dbpedia.org/resource/Paprika
bn:00055644n	http://dbpedia.org/resource/Money
bn:00089751v	
bn:00053941n	http://dbpedia.org/resource/May
bn:00022537n	http://dbpedia.org/resource/Copyright_infringement
bn:00002715n	http://dbpedia.org/resource/Excuse_(legal)
bn:00100896a	
bn:00099614a	
bn:01706115n	http://dbpedia.org/resource/Fire_(wrestler)
bn:15865708n	http://dbpedia.org/resource/Vuelvo_(Erreway_album)
bn:00088162v	
bn:00007182n	http://dbpedia.org/resource/Aunt
bn:00027749n	http://dbpedia.org/resource/Distance
bn:00025463n	http://dbpedia.org/resource/Stupor
bn:00088078v	
bn:00111262a	
bn:00114778r	
bn:00104995a	
bn:00061435n	
bn:00075331n	
bn:00007498n	http://dbpedia.org/resource/Awareness
bn:00102440a	
bn:00019586n	http://dbpedia.org/resource/Classroom
bn:00071062n	
bn:00101050a	
bn:00040169n	http://dbpedia.org/resource/Geologist
bn:00061149n	http://dbpedia.org/resource/Peace
bn:01445146n	http://dbpedia.org/resource/Tresigallo
bn:01543909n	http://dbpedia.org/resource/Severe_weather_terminology_(United_States)
bn:00083239v	
bn:00085261v	
bn:00030465n	http://dbpedia.org/resource/Embargo
bn:00084578v	
bn:00088939v	
bn:00008824n	http://dbpedia.org/resource/Basement
bn:00053303n	http://dbpedia.org/resource/Map
bn:00003333n	http://dbpedia.org/resource/Damages
bn:00010754n	http://dbpedia.org/resource/Dental_radiography
bn:00103195a	
bn:00060066n	http://dbpedia.org/resource/Yard
bn:13604973n	
bn:00091711v	
bn:00067085n	http://dbpedia.org/resource/Remote_administration
bn:00056151n	
bn:00035058n	http://dbpedia.org/resource/Flash-lamp
bn:08443777n	
bn:00114164r	
bn:00047042n	http://dbpedia.org/resource/Intensity_(physics)
bn:00007503n	http://dbpedia.org/resource/Awe
bn:00114251r	
bn:00054693n	http://dbpedia.org/resource/Mexico
bn:00001939n	http://dbpedia.org/resource/Year
bn:00019894n	http://dbpedia.org/resource/Clock_tower
bn:00021917n	
bn:00054884n	http://dbpedia.org/resource/Midnight
bn:00046154n	
bn:00087894v	
bn:00089773v	
bn:01706186n	http://dbpedia.org/resource/Power_set
bn:00035324n	http://dbpedia.org/resource/Plant
bn:00047416n	http://dbpedia.org/resource/Ionic_order
bn:01195548n	http://dbpedia.org/resource/Wireless_access_point
bn:03272933n	http://dbpedia.org/resource/Italian_Labour_Union
bn:00049841n	http://dbpedia.org/resource/Landline
bn:00082477v	
bn:00025075n	http://dbpedia.org/resource/Dam
bn:00086683v	
bn:00036538n	
bn:00030552n	http://dbpedia.org/resource/Emilia_(genus)
bn:00083622v	
bn:00006734n	http://dbpedia.org/resource/Athens
bn:01241860n	http://dbpedia.org/resource/Grado,_Friuli-Venezia_Giulia
bn:08282328n	
bn:00043011n	http://dbpedia.org/resource/Harm
bn:00105251a	
bn:00116211r	
bn:00073571n	
bn:00025556n	
bn:00014557n	http://dbpedia.org/resource/Coffeehouse
bn:00105292a	
bn:15679581n	
bn:00040446n	http://dbpedia.org/resource/Gig_(carriage)
bn:00065198n	http://dbpedia.org/resource/Pump
bn:00101605a	
bn:00078925n	http://dbpedia.org/resource/Umbria
bn:00044408n	
bn:03428060n	http://dbpedia.org/resource/Croll
bn:00000690n	http://dbpedia.org/resource/Accident
bn:00117043r	
bn:00017234n	http://dbpedia.org/resource/Century
bn:00063216n	
bn:00743091n	http://dbpedia.org/resource/International_Bank_Account_Number
bn:00087879v	
bn:00107136a	
bn:00092681v	
bn:00037384n	http://dbpedia.org/resource/Gasoline
bn:00007309n	http://dbpedia.org/resource/Car
bn:00074595n	http://dbpedia.org/resource/Street
bn:00087491v	
bn:00524252n	http://dbpedia.org/resource/Limoncello
bn:00095775v	
bn:00073788n	
bn:00036202n	http://dbpedia.org/resource/France
bn:00014457n	http://dbpedia.org/resource/Cable_(foreign_exchange)
bn:00046723n	http://dbpedia.org/resource/Infrared
bn:02326624n	http://dbpedia.org/resource/Mirandola
bn:00105645a	
bn:00000777n	http://dbpedia.org/resource/Object_composition
bn:03406888n	http://dbpedia.org/resource/Climbing
bn:00021759n	http://dbpedia.org/resource/Confirmation
bn:00037300n	http://dbpedia.org/resource/Garden
bn:00052146n	http://dbpedia.org/resource/Loving-kindness
bn:00108823a	
bn:00086008v	
bn:00015177n	http://dbpedia.org/resource/Natural_(music)
bn:00070458n	http://dbpedia.org/resource/Senate
bn:00114307r	
bn:00106108a	
bn:00472496n	http://dbpedia.org/resource/Millions
bn:03897717n	http://dbpedia.org/resource/Big_man_(anthropology)
bn:00115958r	
bn:00083187v	
bn:01256820n	http://dbpedia.org/resource/Senigallia
bn:00091114v	
bn:00043806n	http://dbpedia.org/resource/Here_(comics)
bn:00106831a	
bn:00071103n	http://dbpedia.org/resource/Ship
bn:00044716n	
bn:00099733a	
bn:00084079v	
bn:00082566v	
bn:00110682a	
bn:00000086n	http://dbpedia.org/resource/Day
bn:00082376v	
bn:00013531n	
bn:00032089n	http://dbpedia.org/resource/Test_(assessment)
bn:00113737a	
bn:01778868n	http://dbpedia.org/resource/Quiricus_and_Julietta
bn:00076095n	http://dbpedia.org/resource/Tavern
bn:00007205n	http://dbpedia.org/resource/Sunrise
bn:00078738n	http://dbpedia.org/resource/Year
bn:00067519n	http://dbpedia.org/resource/Tax
bn:00089246v	
bn:00117174r	
bn:00111630a	
bn:00996002n	http://dbpedia.org/resource/Garda,_Veneto
bn:00097875a	
bn:01804728n	http://dbpedia.org/resource/Financial_risk
bn:00103007a	
bn:00009495n	http://dbpedia.org/resource/Bedroom
bn:08372282n	
bn:01933898n	http://dbpedia.org/resource/Único_(album)
bn:00277280n	http://dbpedia.org/resource/Anglona
bn:00106209a	
bn:00080111n	
bn:03574453n	http://dbpedia.org/resource/Ps_(Unix)
bn:00734893n	http://dbpedia.org/resource/Dan_(rank)
bn:00028482n	
bn:00067785n	http://dbpedia.org/resource/Rifle
bn:00028157n	http://dbpedia.org/resource/Significant_other
bn:00043357n	http://dbpedia.org/resource/Healing
bn:00113770a	
bn:00014609n	http://dbpedia.org/resource/Cake
bn:00000554n	http://dbpedia.org/resource/Academic_degree
bn:00058200n	http://dbpedia.org/resource/Novation
bn:08436582n	
bn:00106579a	
bn:00083145v	
bn:01508973n	http://dbpedia.org/resource/Glass_transition
bn:00064234n	http://dbpedia.org/resource/President
bn:00057551n	http://dbpedia.org/resource/Article_(publishing)
bn:00020006n	http://dbpedia.org/resource/Swarm_behaviour
bn:00889834n	http://dbpedia.org/resource/State_pattern
bn:00086799v	
bn:00064112n	
bn:00001530n	http://dbpedia.org/resource/Woman
bn:00082553v	
bn:00017929n	
bn:00116504r	
bn:00019581n	http://dbpedia.org/resource/Classified_advertising
bn:00043140n	http://dbpedia.org/resource/Hatred
bn:14356342n	
bn:00107156a	
bn:00069350n	http://dbpedia.org/resource/Sauce
bn:00056947n	http://dbpedia.org/resource/Nazism
bn:00070494n	http://dbpedia.org/resource/Sense
bn:00005435n	http://dbpedia.org/resource/Designer
bn:00111762a	
bn:00086786v	
bn:00092443v	
bn:00080340n	
bn:00051598n	
bn:00093684v	
bn:00001422n	http://dbpedia.org/resource/Business_administration
bn:00082668v	
bn:00046665n	http://dbpedia.org/resource/Infinite_set
bn:00028215n	
bn:01414737n	http://dbpedia.org/resource/Provinces_of_Spain
bn:00028913n	http://dbpedia.org/resource/Alcohol_intoxication
bn:00048463n	
bn:00047021n	http://dbpedia.org/resource/Intellect
bn:00075587n	http://dbpedia.org/resource/Domestic_pig
bn:00011861n	http://dbpedia.org/resource/Boletus
bn:00022120n	http://dbpedia.org/resource/Contact_lens
bn:00106517a	
bn:00087895v	
bn:00083095v	
bn:00101187a	
bn:00088096v	
bn:00023343n	http://dbpedia.org/resource/Cove_(Appalachian_Mountains)
bn:03087940n	http://dbpedia.org/resource/National_System_for_Integral_Family_Development
bn:00116326r	
bn:00011608n	
bn:00035908n	http://dbpedia.org/resource/Pattern_(architecture)
bn:00063277n	http://dbpedia.org/resource/Politician
bn:00092756v	
bn:00090266v	
bn:00087383v	
bn:00023751n	http://dbpedia.org/resource/Croissant
bn:00082281v	
bn:00112031a	
bn:02162154n	http://dbpedia.org/resource/Crevalcore
bn:00097090a	
bn:00001129n	
bn:00091360v	
bn:00107787a	
bn:00105748a	
bn:00082955v	
bn:00057017n	http://dbpedia.org/resource/Nature
bn:01908383n	http://dbpedia.org/resource/Beam_(nautical)
bn:00084397v	
bn:00009616n	http://dbpedia.org/resource/Father
bn:00076511n	http://dbpedia.org/resource/Tenement
bn:00088629v	
bn:00017818n	http://dbpedia.org/resource/Charity_(practice)
bn:00090873v	
bn:00085339v	
bn:00066032n	http://dbpedia.org/resource/Rain
bn:00082475v	
bn:00092461v	
bn:00016016n	
bn:00042104n	http://dbpedia.org/resource/Usher_(entertainer)
bn:00686262n	http://dbpedia.org/resource/IKEA
bn:00016988n	
bn:00062214n	http://dbpedia.org/resource/Piazza
bn:00001952n	
bn:00115906r	
bn:00012317n	
bn:03335997n	http://dbpedia.org/resource/City
bn:14510999n	http://dbpedia.org/resource/Apocalyptic_and_post-apocalyptic_fiction
bn:00090946v	
bn:00104050a	
bn:00041739n	http://dbpedia.org/resource/Salutation
bn:00002910n	
bn:00089805v	
bn:00024049n	http://dbpedia.org/resource/Rump_(animal)
bn:02400836n	http://dbpedia.org/resource/Municipalidad
bn:00073260n	http://dbpedia.org/resource/Speed_bump
bn:00089332v	
bn:00116719r	
bn:00085949v	
bn:00083961v	
bn:00021769n	http://dbpedia.org/resource/Conflict_(process)
bn:00076373n	http://dbpedia.org/resource/Television
bn:00005233n	http://dbpedia.org/resource/Aquila_(genus)
bn:00090224v	
bn:00012339n	http://dbpedia.org/resource/Bottle
bn:00079174n	
bn:00034027n	http://dbpedia.org/resource/Mother
bn:00098117a	
bn:03447565n	http://dbpedia.org/resource/Fire_(The_X-Files)
bn:00084594v	
bn:00030464n	http://dbpedia.org/resource/Embankment_(transportation)
bn:00026561n	http://dbpedia.org/resource/Desktop_publishing
bn:00001963n	http://dbpedia.org/resource/Agency_(philosophy)
bn:00092332v	
bn:00082336v	
bn:00109521a	
bn:00030820n	http://dbpedia.org/resource/Thermodynamic_free_energy
bn:00082286v	
bn:00023773n	
bn:00016035n	
bn:00114250r	
bn:00025582n	http://dbpedia.org/resource/Death
bn:00009503n	
bn:00006759n	http://dbpedia.org/resource/Athletics_(sport)
bn:00050032n	
bn:00026255n	
bn:16853673n	http://dbpedia.org/resource/Emiliano-Romagnolo_language
bn:00036822n	
bn:00089666v	
bn:13624733a	
bn:00060970n	http://dbpedia.org/resource/Patch_(computing)
bn:00078024n	
bn:01381978n	http://dbpedia.org/resource/Hospitality
bn:00005603n	http://dbpedia.org/resource/Parameter_(computer_programming)
bn:00058420n	
bn:00015043n	http://dbpedia.org/resource/Camp_bed
bn:02948989n	http://dbpedia.org/resource/Aftershock_(2012_film)
bn:00110076a	
bn:00100315a	
bn:00094907v	
bn:00082788v	
bn:00086700v	
bn:00042955n	
bn:00088859v	
bn:00000694n	http://dbpedia.org/resource/Injury
bn:00023101n	http://dbpedia.org/resource/Couch
bn:00076834n	
bn:00021058n	http://dbpedia.org/resource/Phaseolus_vulgaris
bn:00116345r	
bn:00029448n	http://dbpedia.org/resource/Earthquake
bn:00100091a	
bn:00432195n	http://dbpedia.org/resource/Salaria
bn:00007602n	http://dbpedia.org/resource/Bargirl
bn:00077778n	http://dbpedia.org/resource/Seat_of_local_government
bn:00086089v	
bn:00097505a	
bn:02889566n	http://dbpedia.org/resource/Interior_ministry
bn:00061778n	http://dbpedia.org/resource/Pest_(organism)
bn:00012195n	http://dbpedia.org/resource/Distilled_beverage
bn:00097890a	
bn:00030747n	http://dbpedia.org/resource/Hazard
bn:00023897n	http://dbpedia.org/resource/Crocodile_tears
bn:03523083n	http://dbpedia.org/resource/Cavezzo
bn:00003295n	http://dbpedia.org/resource/Ambulance
bn:00045824n	http://dbpedia.org/resource/Personal_identity
bn:00084389v	
bn:00100668a	
bn:02125104n	http://dbpedia.org/resource/Module_(mathematics)
bn:00000127n	http://dbpedia.org/resource/Hour
bn:00106335a	
bn:00048242n	http://dbpedia.org/resource/Problem
bn:00092261v	
bn:00080343n	
bn:02352250n	http://dbpedia.org/resource/Low,_Quebec
bn:00093758v	
bn:00073113n	http://dbpedia.org/resource/Spanking
bn:00115246r	
bn:00050793n	http://dbpedia.org/resource/Lesson
bn:00084416v	
bn:15440073n	http://dbpedia.org/resource/Covenant_(law)
bn:00012938n	
bn:00082790v	
bn:00058192n	http://dbpedia.org/resource/November
bn:00047693n	
bn:00076386n	http://dbpedia.org/resource/Telephone_line
bn:00083184v	
bn:00106423a	
bn:00190554n	http://dbpedia.org/resource/El_Aguila,_Valle_del_Cauca
bn:00020119n	http://dbpedia.org/resource/Manager_(Gaelic_games)
bn:00023260n	
bn:00067496n	http://dbpedia.org/resource/Enter_key
bn:00108931a	
bn:00000504n	
bn:00005732n	http://dbpedia.org/resource/Military_branch
bn:00026554n	http://dbpedia.org/resource/Desk
bn:03682968n	http://dbpedia.org/resource/Rimini
bn:00100984a	
bn:00005865n	http://dbpedia.org/resource/Arrangement
bn:00086904v	
bn:03509540n	http://dbpedia.org/resource/Mah
bn:00027976n	http://dbpedia.org/resource/Physician
bn:00025436n	
bn:15132399n	
bn:00103410a	
bn:00031923n	http://dbpedia.org/resource/Olive
bn:08267316n	
bn:00018323n	http://dbpedia.org/resource/President_of_the_United_States
bn:00086521v	
bn:00087115v	
bn:00111286a	
bn:00088177v	
bn:00012839n	http://dbpedia.org/resource/Courage
bn:00104094a	
bn:00108488a	
bn:00090448v	
bn:00084668v	
bn:00085671v	
bn:00083824v	
bn:00085289v	
bn:03366263n	http://dbpedia.org/resource/Trieste
bn:00026163n	
bn:00048144n	http://dbpedia.org/resource/T-shirt
bn:00113013a	
bn:02590404n	http://dbpedia.org/resource/Lac-Mégantic,_Quebec
bn:00065809n	http://dbpedia.org/resource/Race_track
bn:00005589n	http://dbpedia.org/resource/Argonauts
bn:00044738n	
bn:00111324a	
bn:00087809v	
bn:00052556n	
bn:00083193v	
bn:00083437v	
bn:00081668n	http://dbpedia.org/resource/Wound
bn:00084451v	
bn:01115908n	http://dbpedia.org/resource/Anterior_fornix_erogenous_zone
bn:00046620n	http://dbpedia.org/resource/Infarction
bn:00097066a	
bn:14566897n	
bn:03347031n	http://dbpedia.org/resource/Circa
bn:00028270n	http://dbpedia.org/resource/Charlotte's_Web_(cannabis)
bn:04053013n	
bn:00081176n	http://dbpedia.org/resource/Wi-Fi
bn:00028606n	http://dbpedia.org/resource/Drama
bn:04316659n	
bn:00036512n	http://dbpedia.org/resource/Friday
bn:02513416n	http://dbpedia.org/resource/Instagram
bn:00103299a	
bn:00015198n	http://dbpedia.org/resource/Candelabra
bn:00013723n	http://dbpedia.org/resource/Construction
bn:00021644n	
bn:00060863n	http://dbpedia.org/resource/Walkway
bn:00068046n	http://dbpedia.org/resource/Rock_(geology)
bn:00087976v	
bn:00035305n	http://dbpedia.org/resource/Storey
bn:00009263n	http://dbpedia.org/resource/Beach
bn:00008455n	http://dbpedia.org/resource/Baptism
bn:00098424a	
bn:14538701n	
bn:00104154a	
bn:00107138a	
bn:00032893n	http://dbpedia.org/resource/Family
bn:00100949a	
bn:00093882v	
bn:00089277v	
bn:00044094n	
bn:01765619n	http://dbpedia.org/resource/Parma
bn:02047035n	http://dbpedia.org/resource/Silvio_Berlusconi
bn:00036765n	http://dbpedia.org/resource/Full_moon
bn:00009472n	http://dbpedia.org/resource/Bed
bn:00011625n	http://dbpedia.org/resource/Feces
bn:00090519v	
bn:00048468n	
bn:00101411a	
bn:00082397v	
bn:00104001a	
bn:00109742a	
bn:00057034n	http://dbpedia.org/resource/Nausea
bn:00992691n	http://dbpedia.org/resource/Promotion_(chess)
bn:13616909n	
bn:00026603n	http://dbpedia.org/resource/Destiny
bn:00114486r	
bn:00082963v	
bn:00056059n	http://dbpedia.org/resource/Truck
bn:03239526n	http://dbpedia.org/resource/Iron(II)_oxide
bn:00102161a	
bn:00107587a	
bn:00029240n	
bn:00017236n	http://dbpedia.org/resource/Headache
bn:03159504n	http://dbpedia.org/resource/RAI
bn:00000111n	http://dbpedia.org/resource/Quaternion
bn:00086603v	
bn:08328408n	
bn:00000693n	http://dbpedia.org/resource/Accidental_(music)
bn:00039957n	http://dbpedia.org/resource/Trema_(genus)
bn:00056268n	http://dbpedia.org/resource/Mortar_and_pestle
bn:00073210n	http://dbpedia.org/resource/Species
bn:14782330n	
bn:00054808n	http://dbpedia.org/resource/Radiolocation
bn:00047612n	http://dbpedia.org/resource/Island
bn:03464204n	http://dbpedia.org/resource/Aquí
bn:00040072n	
bn:00054019n	http://dbpedia.org/resource/Measurement
bn:00083402v	
bn:08350693n	
bn:03884863n	http://dbpedia.org/resource/Province_of_Ferrara
bn:02165243n	http://dbpedia.org/resource/Baptism_by_fire
bn:00008347n	http://dbpedia.org/resource/East_Pakistan
bn:15262517n	http://dbpedia.org/resource/Web_2.0
bn:00884547n	http://dbpedia.org/resource/Picton,_Lennox_and_Nueva
bn:00001227n	http://dbpedia.org/resource/Advertising
bn:02940428n	http://dbpedia.org/resource/Aquila,_Michoacán
bn:02045259n	http://dbpedia.org/resource/Misa_(river_in_Italy)
bn:00021217n	http://dbpedia.org/resource/Communes_of_France
bn:00081593n	
bn:00083222v	
bn:00082251v	
bn:03503188n	http://dbpedia.org/resource/Viale
bn:00089804v	
bn:00103006a	
bn:13605968a	
bn:00109195a	
bn:00101375a	
bn:00511507n	http://dbpedia.org/resource/Blancas
bn:00110175a	
bn:08299410n	
bn:00116053r	
bn:00035768n	http://dbpedia.org/resource/Force
bn:00036849n	http://dbpedia.org/resource/Fundraising
bn:00067275n	
bn:00077269n	
bn:00019948n	
bn:00009394n	
bn:00060325n	
bn:00083451v	
bn:00035720n	http://dbpedia.org/resource/Bed_frame
bn:00059529n	http://dbpedia.org/resource/Prayer
bn:00059224n	
bn:00047705n	http://dbpedia.org/resource/Italy
bn:00030624n	
bn:00099731a	
bn:00002590n	http://dbpedia.org/resource/Vigilance_(psychology)
bn:00115313r	
bn:00008995n	http://dbpedia.org/resource/Bathroom
bn:00016593n	
bn:00081909n	
bn:00033832n	
bn:00084524v	
bn:00025605n	
bn:00049115n	http://dbpedia.org/resource/TNT_equivalent
bn:00009834n	http://dbpedia.org/resource/Bypass_(road)
bn:00106185a	
bn:00115274r	
bn:00044916n	http://dbpedia.org/resource/Server_(computing)
bn:00114427r	
bn:00045088n	http://dbpedia.org/resource/Hypertext_Transfer_Protocol
bn:00104562a	
bn:02133635n	http://dbpedia.org/resource/Shame_(1968_film)
bn:01700393n	http://dbpedia.org/resource/Restructuring
bn:00070549n	
bn:00082813v	
bn:14768604n	http://dbpedia.org/resource/Marco_Risi
bn:00102827a	
bn:00044994n	http://dbpedia.org/resource/House
bn:08263066n	
bn:00097609a	
bn:00005169n	http://dbpedia.org/resource/April
bn:00054991n	http://dbpedia.org/resource/Volunteer_(Ulster_loyalist)
bn:00117266r	
bn:00009586n	http://dbpedia.org/resource/Beelzebub
bn:00102469a	
bn:00080351n	http://dbpedia.org/resource/Wakefulness
bn:00043395n	http://dbpedia.org/resource/Heart_rate
bn:00110842a	
bn:01675315n	http://dbpedia.org/resource/Bernhard
bn:00010263n	
bn:00082844v	
bn:00047985n	http://dbpedia.org/resource/Japan
bn:00010631n	http://dbpedia.org/resource/Eagle
bn:00017145n	
bn:00113122a	
bn:00034777n	
bn:00029769n	http://dbpedia.org/resource/Redaction
bn:00093646v	
bn:00101973a	
bn:00025807n	
bn:00025273n	
bn:00023894n	http://dbpedia.org/resource/Crocodile
bn:00000020n	http://dbpedia.org/resource/12_(number)
bn:13602093n	
bn:00031226n	
bn:00068688n	http://dbpedia.org/resource/Zabaione
bn:00083021v	
bn:00042829n	http://dbpedia.org/resource/Press_release
bn:00092429v	
bn:00031485n	http://dbpedia.org/resource/Error
bn:00053318n	http://dbpedia.org/resource/March
bn:01783038n	http://dbpedia.org/resource/Moment_of_silence
bn:00059168n	http://dbpedia.org/resource/Opinion
bn:00097879a	
bn:00041480n	
bn:00047162n	http://dbpedia.org/resource/International_System_of_Units
bn:00041998n	http://dbpedia.org/resource/Rumble_(noise)
bn:00083805v	
bn:00006547n	http://dbpedia.org/resource/Association_football
bn:03620306n	http://dbpedia.org/resource/Brother_(2000_film)
bn:02347170n	http://dbpedia.org/resource/State_of_emergency
bn:03869782n	http://dbpedia.org/resource/Oô
bn:00084634v	
bn:00114298r	
bn:00006877n	http://dbpedia.org/resource/Palladium
bn:00105493a	
bn:00052007n	http://dbpedia.org/resource/Looting
bn:00082684v	
bn:03087034n	http://dbpedia.org/resource/Dime_(United_States_coin)
bn:00081665n	
bn:00085328v	
bn:00025910n	
bn:00098282a	
bn:00043373n	http://dbpedia.org/resource/Listening
bn:00072042n	
bn:00025417n	
bn:00046891n	
bn:00114490r	
bn:00084196v	
bn:00019376n	http://dbpedia.org/resource/Standard_time
bn:00100895a	
bn:02597644n	http://dbpedia.org/resource/Marquisate_of_Finale
bn:00044896n	http://dbpedia.org/resource/Hospital
bn:00036052n	http://dbpedia.org/resource/Fouls_and_misconduct_(association_football)
bn:00036003n	
bn:00046302n	
bn:00014221n	http://dbpedia.org/resource/Mass_murder
bn:00085337v	
bn:00088225v	
bn:00047958n	http://dbpedia.org/resource/Pajamas
bn:00113813a	
bn:00009589n	http://dbpedia.org/resource/Beer
bn:00088736v	
bn:00027686n	http://dbpedia.org/resource/Disposition
bn:00090120v	
bn:00111843a	
bn:00014182n	http://dbpedia.org/resource/Kiss
bn:00110036a	
bn:00117315r	
bn:03161300n	http://dbpedia.org/resource/Italian_Confederation_of_Workers'_Trade_Unions
bn:00001734n	
bn:00107646a	
bn:00087962v	
bn:00114519r	
bn:00084343v	
bn:00054464n	http://dbpedia.org/resource/Mermaid
bn:00063351n	http://dbpedia.org/resource/Politics
bn:00001961n	http://dbpedia.org/resource/Government_agency
bn:00049156n	http://dbpedia.org/resource/Lion
bn:00037374n	http://dbpedia.org/resource/Suspenders
bn:00016913n	http://dbpedia.org/resource/Cubic_centimetre
bn:03556187n	http://dbpedia.org/resource/Prada
bn:00041927n	http://dbpedia.org/resource/Innovator
bn:00087713v	
bn:00049181n	http://dbpedia.org/resource/Sweden
bn:01352157n	http://dbpedia.org/resource/Upstream_(networking)
bn:00029914n	http://dbpedia.org/resource/Egg
bn:00092876v	
bn:00021767n	
bn:00092723v	
bn:00049862n	
bn:00006855n	http://dbpedia.org/resource/Manganese
bn:00092772v	
bn:00084733v	
bn:00302274n	http://dbpedia.org/resource/Relative_bearing
bn:00082198v	
bn:00045321n	http://dbpedia.org/resource/Hyaluronan
bn:00080185n	
bn:15114630n	
bn:00082866v	
bn:00957346n	http://dbpedia.org/resource/Kiosk
bn:00092861v	
bn:00089581v	
bn:00001972n	
bn:00001872n	http://dbpedia.org/resource/Afterlife
bn:00075592n	
bn:00790891n	http://dbpedia.org/resource/Budrio
bn:00107770a	
bn:00054944n	
bn:00041092n	http://dbpedia.org/resource/Google_Search
bn:00078951n	http://dbpedia.org/resource/Uncle
bn:00088065v	
bn:00025547n	
bn:00016300n	http://dbpedia.org/resource/Trust_(electronics_company)
bn:00102099a	
bn:00015058n	http://dbpedia.org/resource/Campania
bn:00103785a	
bn:00052638n	
bn:00091949v	
bn:00014512n	http://dbpedia.org/resource/Cadaver
bn:00114424r	
bn:00091148v	
bn:00015145n	http://dbpedia.org/resource/Canal
bn:00005601n	http://dbpedia.org/resource/Argumentation_theory
bn:00049570n	http://dbpedia.org/resource/Proletariat
bn:00025766n	http://dbpedia.org/resource/Medal
bn:00070865n	http://dbpedia.org/resource/Shakeout
bn:00008364n	http://dbpedia.org/resource/Bank
bn:00104687a	
bn:00086600v	
bn:00093119v	
bn:00117157r	
bn:00024323n	http://dbpedia.org/resource/Cuisine
bn:00085126v	
bn:00086753v	
bn:16558666n	
bn:01632322n	http://dbpedia.org/resource/Physical_quantity
bn:00041784n	
bn:00071400n	http://dbpedia.org/resource/Sibling
bn:00041081n	
bn:01902715n	http://dbpedia.org/resource/Finale_(software)
bn:00013083n	http://dbpedia.org/resource/Bridge_(dentistry)
bn:00114196r	
bn:00021338n	http://dbpedia.org/resource/Competition
bn:00109211a	
bn:15612135n	
bn:00013722n	http://dbpedia.org/resource/Building
bn:00087203v	
bn:00884215n	http://dbpedia.org/resource/Lost_(TV_series)
bn:00048565n	
bn:00012048n	http://dbpedia.org/resource/Television_set
bn:00116327r	
bn:00062229n	http://dbpedia.org/resource/Pickaxe
bn:03502345n	http://dbpedia.org/resource/Bagnasco
bn:00102040a	
bn:00114504r	
bn:00106122a	
bn:00084018v	
bn:00054842n	
bn:00076925n	
bn:00103672a	
bn:00009716n	http://dbpedia.org/resource/Belief
bn:00041551n	
bn:00011973n	http://dbpedia.org/resource/Chemical_bond
bn:00114363r	
bn:00015961n	http://dbpedia.org/resource/Cardinal_(Catholicism)
bn:00032600n	http://dbpedia.org/resource/Face
bn:04617493n	
bn:00090400v	
bn:00043508n	http://dbpedia.org/resource/Hedge_(finance)
bn:00005053n	http://dbpedia.org/resource/Clapping
bn:00092428v	
bn:00091028v	
bn:00058821n	http://dbpedia.org/resource/Italian_language
bn:00041239n	
bn:00077815n	
bn:00116052r	
bn:00067509n	http://dbpedia.org/resource/Revolutions_per_minute
bn:01389479n	http://dbpedia.org/resource/National_day_of_mourning
bn:01772897n	http://dbpedia.org/resource/Toda_language
bn:00083182v	
bn:03674102n	http://dbpedia.org/resource/Kennedy_family
bn:00092036v	
bn:00090598v	
bn:00084110v	
bn:00091972v	
bn:00068672n	http://dbpedia.org/resource/Second
bn:00041473n	
bn:00114081r	
bn:00086988v	
bn:00014155n	http://dbpedia.org/resource/Downtown
bn:00105848a	
bn:00115244r	
bn:00104880a	
bn:00079733n	http://dbpedia.org/resource/Venice
bn:00044382n	http://dbpedia.org/resource/Hoi_polloi
bn:00090745v	
bn:00013640n	http://dbpedia.org/resource/Budget
bn:00009977n	http://dbpedia.org/resource/Benzene
bn:00062298n	
bn:00011339n	http://dbpedia.org/resource/Blog
bn:00082416v	
bn:00089241v	
bn:00096390a	
bn:00056068n	http://dbpedia.org/resource/Mountain
bn:00046298n	http://dbpedia.org/resource/Orbital_inclination
bn:00109139a	
bn:00099598a	
bn:00003164n	http://dbpedia.org/resource/Gradian
bn:00043383n	http://dbpedia.org/resource/Heart
bn:08287691n	
bn:13601970v	
bn:00114790r	
bn:00009635n	
bn:00101370a	
bn:00088737v	
bn:00010712n	http://dbpedia.org/resource/Pope
bn:00024459n	http://dbpedia.org/resource/Minister_(Christianity)
bn:16031487n	http://dbpedia.org/resource/Wa_people
bn:00071433n	
bn:00080439n	http://dbpedia.org/resource/Warfare
bn:00109358a	
bn:03514305n	http://dbpedia.org/resource/Web_traffic
bn:00091006v	
bn:00078546n	http://dbpedia.org/resource/Tuesday
bn:00082812v	
bn:00106058a	
bn:00086933v	
bn:03216290n	http://dbpedia.org/resource/Alerta
bn:00040293n	http://dbpedia.org/resource/German_language
bn:00047356n	
bn:03544006n	http://dbpedia.org/resource/Forced_disappearance
bn:00083340v	
bn:00085082v	
bn:00035772n	http://dbpedia.org/resource/Violence
bn:00096612a	
bn:00082434v	
bn:03523107n	http://dbpedia.org/resource/Medolla
bn:00083397v	
bn:00053132n	http://dbpedia.org/resource/Manchester
bn:00059960n	http://dbpedia.org/resource/Ox
bn:00020600n	
bn:00045772n	http://dbpedia.org/resource/Image
bn:00110423a	
bn:00085363v	
bn:00019887n	http://dbpedia.org/resource/Clock
bn:00025144n	http://dbpedia.org/resource/Dance
bn:17034186n	http://dbpedia.org/resource/ALARM
bn:00099057a	
bn:02534865n	http://dbpedia.org/resource/TV_Pública_Digital_(Argentina)
bn:00028190n	http://dbpedia.org/resource/Lord's_Day
bn:00066865n	
bn:00032888n	http://dbpedia.org/resource/Familiar_spirit
bn:00001875n	http://dbpedia.org/resource/Afternoon
bn:00060708n	http://dbpedia.org/resource/Parliament
bn:00021724n	http://dbpedia.org/resource/Conference_call
bn:00053531n	http://dbpedia.org/resource/Wife
bn:00096618a	
bn:00094009v	
bn:00117323r	
bn:00074453n	http://dbpedia.org/resource/Warehouse
bn:00001793n	http://dbpedia.org/resource/Panic
bn:00085651v	
bn:00011259n	http://dbpedia.org/resource/Cecum
bn:00041820n	http://dbpedia.org/resource/Handle_(grip)
bn:00103933a	
bn:00007085n	http://dbpedia.org/resource/Auction
bn:00011888n	http://dbpedia.org/resource/Bologna
bn:00017562n	
bn:00000356n	http://dbpedia.org/resource/Home
bn:00049709n	http://dbpedia.org/resource/Lake
bn:00051052n	
bn:00003601n	
bn:00109157a	
bn:00019767n	http://dbpedia.org/resource/Cliff
bn:00097211a	
bn:03192879n	http://dbpedia.org/resource/Televoting
bn:00015556n	http://dbpedia.org/resource/Rome
bn:12564670n	
bn:00010605n	http://dbpedia.org/resource/Bird
bn:00005532n	http://dbpedia.org/resource/Stadium
bn:00062699n	http://dbpedia.org/resource/Location_(geography)
bn:16547580n	http://dbpedia.org/resource/Doria_(family)
bn:00046143n	
bn:00089347v	
bn:16891286n	http://dbpedia.org/resource/Agostino_(name)
bn:00015115n	http://dbpedia.org/resource/Canada
bn:01541322n	http://dbpedia.org/resource/Gente
bn:00018995n	http://dbpedia.org/resource/Church_(building)
bn:00052671n	http://dbpedia.org/resource/Magazine
bn:00086091v	
bn:00510668n	http://dbpedia.org/resource/Vez
bn:00909911n	http://dbpedia.org/resource/Leer
bn:00032592n	
bn:00000744n	http://dbpedia.org/resource/Account_(accountancy)
bn:00098021a	
bn:08339257n	
bn:00563553n	http://dbpedia.org/resource/Tira,_Texas
bn:00025645n	http://dbpedia.org/resource/December
bn:00041425n	http://dbpedia.org/resource/Grappa
bn:00031896n	http://dbpedia.org/resource/Europe
bn:00098682a	
bn:01460105n	http://dbpedia.org/resource/Dodgeball
bn:00041073n	
bn:02300678n	http://dbpedia.org/resource/Friuli
bn:00009422n	
bn:00086563v	
bn:00109011a	
bn:00024998n	http://dbpedia.org/resource/Demon
bn:00102546a	
bn:03499413n	http://dbpedia.org/resource/Ci_(poetry)
bn:00072760n	http://dbpedia.org/resource/Solution
bn:00108063a	
bn:00054133n	http://dbpedia.org/resource/Medicine
bn:00113537a	
bn:00082706v	
bn:00033963n	http://dbpedia.org/resource/Feeling
bn:00073081n	http://dbpedia.org/resource/Spamming
bn:00063595n	
bn:00021160n	http://dbpedia.org/resource/Salt
bn:16307463n	
bn:03641854n	http://dbpedia.org/resource/Baise-moi
bn:08449567n	
bn:00559025n	http://dbpedia.org/resource/Melissa,_Texas
bn:00006994n	
bn:00084042v	
bn:00097846a	
bn:02989482n	http://dbpedia.org/resource/New_(C++)
bn:03451881n	http://dbpedia.org/resource/Bombe
bn:00034737n	
bn:00102336a	
bn:00083183v	
bn:03517864n	http://dbpedia.org/resource/Busalla
bn:00108798a	
bn:00020457n	http://dbpedia.org/resource/Mental_process
bn:00071869n	http://dbpedia.org/resource/State_of_affairs_(philosophy)
bn:00024407n	http://dbpedia.org/resource/Cunt
bn:00117138r	
bn:02404645n	http://dbpedia.org/resource/Giorgio_Napolitano
bn:03885002n	http://dbpedia.org/resource/Province_of_Vicenza
bn:00058395n	http://dbpedia.org/resource/OK
bn:00020266n	http://dbpedia.org/resource/Rooster
bn:00102083a	
bn:00059127n	
bn:00035631n	
bn:00057563n	http://dbpedia.org/resource/Newspaper
bn:00022765n	http://dbpedia.org/resource/Cornice
bn:00047707n	http://dbpedia.org/resource/Italian_language
bn:00083834v	
bn:00001252n	http://dbpedia.org/resource/Adamant
bn:00001468n	http://dbpedia.org/resource/Admonition
bn:00092138v	
bn:00083141v	
bn:16684259n	
bn:02045832n	http://dbpedia.org/resource/Michela
bn:00084526v	
bn:03404964n	http://dbpedia.org/resource/San_Felice_Circeo
bn:00020437n	http://dbpedia.org/resource/Coffeemaker
bn:00046705n	http://dbpedia.org/resource/Information
bn:01827476n	http://dbpedia.org/resource/Siembra
bn:00090491v	
bn:00034797n	http://dbpedia.org/resource/Initiative_(chess)
bn:00076341n	
bn:00115484r	
bn:03485975n	http://dbpedia.org/resource/Impact_crater
bn:00049573n	http://dbpedia.org/resource/Project
bn:00006883n	http://dbpedia.org/resource/Iodine
bn:00081649n	
bn:00103448a	
bn:00023236n	http://dbpedia.org/resource/State_(polity)
bn:00008333n	
bn:00045229n	http://dbpedia.org/resource/Hunger
bn:00042404n	http://dbpedia.org/resource/Habit
bn:00077775n	http://dbpedia.org/resource/Township_(Pennsylvania)
bn:00083194v	
bn:00015784n	http://dbpedia.org/resource/Head
bn:00042379n	http://dbpedia.org/resource/Water
bn:00000008n	http://dbpedia.org/resource/10_(number)
bn:00085715v	
bn:00088776v	
bn:00083341v	
bn:00029870n	
bn:00090410v	
bn:00000416n	http://dbpedia.org/resource/Abruzzi_e_Molise
bn:00087318v	
bn:00100785a	
bn:00104998a	
bn:00005158n	
bn:00011767n	http://dbpedia.org/resource/Oeuvre
bn:00096384a	
bn:00033676n	http://dbpedia.org/resource/Farm
bn:03523066n	http://dbpedia.org/resource/Bastiglia
bn:00101787a	
bn:00034471n	http://dbpedia.org/resource/Film
bn:00088222v	
bn:00103757a	
bn:00096298a	
bn:00017339n	http://dbpedia.org/resource/Thought
bn:00108297a	
bn:00052757n	http://dbpedia.org/resource/Magnitude_(mathematics)
bn:00005720n	http://dbpedia.org/resource/Armagnac_(brandy)
bn:01354049n	http://dbpedia.org/resource/Hashtag
bn:01513157n	http://dbpedia.org/resource/Ansa_(moth)
bn:00082878v	
bn:00001426n	http://dbpedia.org/resource/Administration_(government)
bn:00089401v	
bn:00041640n	http://dbpedia.org/resource/Cross
bn:00065899n	http://dbpedia.org/resource/Radio
bn:00067280n	http://dbpedia.org/resource/Research
bn:00053801n	http://dbpedia.org/resource/Stuff_(cloth)
bn:14161882n	http://dbpedia.org/resource/Orography
bn:00024004n	http://dbpedia.org/resource/Ford_(crossing)
bn:02257773n	http://dbpedia.org/resource/Vivo_(Ricardo_Arjona_album)
bn:03203770n	http://dbpedia.org/resource/Images_(film)
bn:01733216n	http://dbpedia.org/resource/WASTE
bn:00085313v	
bn:00089449v	
bn:00088614v	
bn:00073816n	http://dbpedia.org/resource/Stage_(theatre)
bn:02087036n	http://dbpedia.org/resource/Parco_Nazionale_del_Circeo
bn:00087819v	
bn:00458232n	http://dbpedia.org/resource/Harmonic_tremor
bn:00058217n	
bn:00095974a	
bn:00021607n	http://dbpedia.org/resource/Concrete
bn:00086432v	
bn:00054924n	http://dbpedia.org/resource/Milan
bn:00005513n	http://dbpedia.org/resource/Area
bn:00052329n	http://dbpedia.org/resource/Maniac_(producer)
bn:00009632n	
bn:00085335v	
bn:00114401r	
bn:15004866n	
bn:00082537v	
bn:00012758n	http://dbpedia.org/resource/Brand
bn:00117317r	
bn:13924367n	
bn:00026035n	
bn:00050198n	http://dbpedia.org/resource/Laughter
bn:02958402n	http://dbpedia.org/resource/Pajaritos_metro_station
bn:00018660n	
bn:00046064n	http://dbpedia.org/resource/Impact_(mechanics)
bn:00049263n	http://dbpedia.org/resource/Kite_(bird)
bn:00111418a	
bn:00073878n	
bn:00113940a	
bn:00023012n	http://dbpedia.org/resource/Costa_Rica
bn:00085435v	
bn:16068349n	http://dbpedia.org/resource/Judicial_system_of_China
bn:00025500n	
bn:00050662n	http://dbpedia.org/resource/Length
bn:00021212n	http://dbpedia.org/resource/Kerfuffle
bn:00080772n	http://dbpedia.org/resource/World_Wide_Web
bn:02603216n	http://dbpedia.org/resource/Río_Grande_(Tierra_del_Fuego)
bn:00022284n	
bn:00115031r	
bn:01210023n	http://dbpedia.org/resource/Diego
bn:00034506n	http://dbpedia.org/resource/Louver
bn:00083932v	
bn:00025018n	
bn:03100149n	http://dbpedia.org/resource/Real_time_(media)
bn:00008576n	http://dbpedia.org/resource/Lighter_(barge)
bn:00086708v	
bn:00027457n	http://dbpedia.org/resource/Disk_(mathematics)
bn:00042754n	http://dbpedia.org/resource/Hamster
bn:00085535v	
bn:03636920n	http://dbpedia.org/resource/Skewbald
bn:00042601n	http://dbpedia.org/resource/One_half
bn:00068049n	http://dbpedia.org/resource/Rock_music
bn:00096000a	
bn:00111161a	
bn:00040878n	http://dbpedia.org/resource/God
bn:00096218a	
bn:00075644n	http://dbpedia.org/resource/Syllable
bn:00600590n	http://dbpedia.org/resource/Internet_Relay_Chat_flood
bn:00030009n	http://dbpedia.org/resource/Ejaculation_(grammar)
bn:00032325n	
bn:00082688v	
bn:00086699v	
bn:00097147a	
bn:03217041n	http://dbpedia.org/resource/Les_Olympiades
bn:00061897n	http://dbpedia.org/resource/Throat
bn:08319317n	
bn:03199203n	http://dbpedia.org/resource/Italian_General_Confederation_of_Labour
bn:01536238n	http://dbpedia.org/resource/Udine
bn:00017942n	http://dbpedia.org/resource/Château
bn:00086717v	
bn:00105243a	
bn:00078733n	
bn:00089662v	
bn:00087162v	
bn:13601781a	
bn:00025112n	
bn:00087769v	
bn:00030192n	http://dbpedia.org/resource/Electricity
bn:00012059n	http://dbpedia.org/resource/Book
bn:00021009n	http://dbpedia.org/resource/Condolences
bn:00091173v	
bn:00019811n	http://dbpedia.org/resource/Hug
bn:00074900n	http://dbpedia.org/resource/Topic–comment
bn:00044984n	
bn:00028658n	http://dbpedia.org/resource/Dream
bn:00052676n	http://dbpedia.org/resource/Magazine_(artillery)
bn:00116085r	
bn:00103328a	
bn:01083636n	http://dbpedia.org/resource/Rai_1
bn:00062759n	http://dbpedia.org/resource/Program_management
bn:00067175n	http://dbpedia.org/resource/Replica
bn:00082124v	
bn:00042068n	http://dbpedia.org/resource/Guatemala
bn:00054149n	http://dbpedia.org/resource/Media_(communication)
bn:00032874n	http://dbpedia.org/resource/Falsity
bn:01027221n	http://dbpedia.org/resource/Cit_(consciousness)
bn:00105982a	
bn:14590813n	
bn:00104164a	
bn:00487258n	http://dbpedia.org/resource/Anna,_Ohio
bn:00035308n	
bn:00012930n	http://dbpedia.org/resource/Breakfast
bn:00077774n	
bn:00083567v	
bn:00114739r	
bn:00025256n	
bn:00096782a	
bn:00078893n	http://dbpedia.org/resource/Ultima_(linguistics)
bn:00064601n	http://dbpedia.org/resource/Professor
bn:03719873n	http://dbpedia.org/resource/Mario_Balotelli
bn:00093778v	
bn:00005019n	http://dbpedia.org/resource/Appeal
bn:00062568n	http://dbpedia.org/resource/Piping
bn:00097191a	
bn:00098342a	
bn:00092426v	
bn:00096508a	
bn:00107879a	
bn:00077766n	http://dbpedia.org/resource/Tower
bn:00016606n	http://dbpedia.org/resource/Cat
bn:02863397n	http://dbpedia.org/resource/Dead_man's_switch
bn:00085496v	
bn:00107275a	
bn:00065703n	http://dbpedia.org/resource/Silence
bn:00071475n	http://dbpedia.org/resource/Slip_(aerodynamics)
bn:00097847a	
bn:00012950n	
bn:00037691n	http://dbpedia.org/resource/Generosity
bn:00000670n	http://dbpedia.org/resource/Accessibility
bn:00007985n	http://dbpedia.org/resource/Discipline_(academia)
bn:00069279n	http://dbpedia.org/resource/Sardinia
bn:00014137n	http://dbpedia.org/resource/Business
bn:00115530r	
bn:00015536n	http://dbpedia.org/resource/Quito
bn:00004085n	
bn:00041411n	http://dbpedia.org/resource/Word_of_mouth
bn:00087737v	
bn:00052650n	http://dbpedia.org/resource/Madonna_(entertainer)
bn:00091184v	
bn:00054278n	http://dbpedia.org/resource/Penis
bn:00066290n	http://dbpedia.org/resource/Ravine
bn:00013955n	http://dbpedia.org/resource/Bureaucracy
bn:00073863n	
bn:00091362v	
bn:08479607n	
bn:00092242v	
bn:01576169n	http://dbpedia.org/resource/Etesian
bn:00020012n	http://dbpedia.org/resource/Cloudburst
bn:00028018n	http://dbpedia.org/resource/Document
bn:00084194v	
bn:00041061n	
bn:00104223a	
bn:00009633n	http://dbpedia.org/resource/First_(communications)
bn:00090460v	
bn:03523089n	http://dbpedia.org/resource/Finale_Emilia
bn:00058732n	http://dbpedia.org/resource/Oil
bn:00082470v	
bn:00115641r	
bn:00029428n	
bn:00058978n	
bn:00632106n	http://dbpedia.org/resource/Profit_(economics)
bn:00052758n	http://dbpedia.org/resource/Orders_of_magnitude_(numbers)
bn:00617455n	http://dbpedia.org/resource/Horror_fiction
bn:01258038n	http://dbpedia.org/resource/Measure_(mathematics)
bn:00116381r	
bn:00068696n	http://dbpedia.org/resource/Saturday
bn:00082761v	
bn:00013879n	http://dbpedia.org/resource/Bunco
bn:00069126n	http://dbpedia.org/resource/Sand
bn:00032675n	http://dbpedia.org/resource/Factory
bn:00082929v	
bn:00084065v	
bn:00082481v	
bn:00003570n	http://dbpedia.org/resource/Amnesty
bn:00083342v	
bn:00079106n	http://dbpedia.org/resource/Units_of_measurement
bn:00074061n	http://dbpedia.org/resource/Statistics
bn:00060767n	
bn:00083295v	
bn:00029871n	
bn:00030703n	http://dbpedia.org/resource/T-groups
bn:00112146a	
bn:03253309n	http://dbpedia.org/resource/Sort_(typesetting)
bn:00404837n	http://dbpedia.org/resource/Caliente,_Nevada
bn:03244264n	http://dbpedia.org/resource/2012
bn:00725145n	http://dbpedia.org/resource/Sardinia,_Ohio
bn:00107941a	
bn:00114297r	
bn:00057700n	http://dbpedia.org/resource/Nightwear
bn:00006453n	http://dbpedia.org/resource/Fuck
bn:00010727n	http://dbpedia.org/resource/Lithic_flake
bn:02413286n	http://dbpedia.org/resource/Shawn_Michaels
bn:00085859v	
bn:00104150a	
bn:13605664a	
bn:00051798n	
bn:01520108n	http://dbpedia.org/resource/In_case_of_emergency
bn:00036197n	http://dbpedia.org/resource/Economic_model
bn:00008911n	http://dbpedia.org/resource/Bass_(sound)
bn:01463391n	http://dbpedia.org/resource/Tarì
bn:00114117r	
bn:00086698v	
bn:00029462n	
bn:00047114n	http://dbpedia.org/resource/Translation
bn:03614384n	http://dbpedia.org/resource/Occupation_(protest)
bn:00089250v	
bn:03464867n	http://dbpedia.org/resource/Modena
bn:14788546n	
bn:16303209n	
bn:00022190n	
bn:00082967v	
bn:00107182a	
bn:16512425n	http://dbpedia.org/resource/Multitude
bn:00023844n	http://dbpedia.org/resource/Crisis
bn:00106463a	
bn:00082414v	
bn:00085125v	
bn:00104411a	
bn:00057666n	
bn:00082312v	
bn:00032512n	http://dbpedia.org/resource/Eye
bn:03411833n	http://dbpedia.org/resource/Natural_disaster
bn:00069662n	http://dbpedia.org/resource/Schutzstaffel
bn:00000639n	
bn:00001882n	http://dbpedia.org/resource/Aftershock
bn:03521903n	http://dbpedia.org/resource/Moglia
bn:00056135n	http://dbpedia.org/resource/Mouth
bn:00058285n	http://dbpedia.org/resource/Number
bn:00077665n	http://dbpedia.org/resource/Turin
bn:00046019n	
bn:00047238n	http://dbpedia.org/resource/Interview
bn:00083917v	
bn:00084738v	
bn:00006308n	http://dbpedia.org/resource/Waste_container
bn:00026684n	http://dbpedia.org/resource/Germany
bn:00101121a	
bn:00097966a	
bn:00009764n	http://dbpedia.org/resource/Bell_tower
bn:00014142n	http://dbpedia.org/resource/Business_sector
bn:00962032n	http://dbpedia.org/resource/Comes
bn:00100336a	
bn:00090943v	
bn:03754783n	http://dbpedia.org/resource/Earthquake_swarm
bn:00006803n	http://dbpedia.org/resource/Standard_conditions_for_temperature_and_pressure
bn:00478761n	http://dbpedia.org/resource/Japan_(film)
bn:00060182n	http://dbpedia.org/resource/Pain
bn:00010749n	http://dbpedia.org/resource/Pungency
bn:00041491n	http://dbpedia.org/resource/Gravitation
bn:00114171r	
bn:00070724n	http://dbpedia.org/resource/Human_settlement
bn:00025501n	
bn:08482645n	
bn:16891130n	
bn:00096816a	
bn:00011369n	http://dbpedia.org/resource/Blood_donation
bn:00083181v	
bn:00083081v	
bn:00088421v	
bn:03361438n	http://dbpedia.org/resource/Stop_sign
bn:00102081a	
bn:00559201n	http://dbpedia.org/resource/Houseguest
bn:00001542n	
bn:00060799n	http://dbpedia.org/resource/Player_(game)
bn:15232353n	
bn:01484167n	http://dbpedia.org/resource/Libero_De_Rienzo
bn:00014640n	http://dbpedia.org/resource/Disaster
bn:00007922n	http://dbpedia.org/resource/Bag
bn:00192570n	http://dbpedia.org/resource/Diablo,_California
bn:17179994n	
bn:00092413v	
bn:00084889v	
bn:00085468v	
bn:00001744n	http://dbpedia.org/resource/Philia
bn:14772105n	
bn:00020978n	http://dbpedia.org/resource/Comment_(computer_programming)
bn:00026551n	
bn:00024712n	http://dbpedia.org/resource/Cyberspace
bn:00085711v	
bn:00012047n	http://dbpedia.org/resource/Breast
bn:00082711v	
bn:16657889n	http://dbpedia.org/resource/Aftershock_(Motörhead_album)
bn:00082832v	
bn:00085475v	
bn:00095005v	
bn:00060907n	http://dbpedia.org/resource/Passion_(emotion)
bn:00109359a	
bn:00025115n	
bn:00093431v	
bn:00079239n	
bn:01322530n	http://dbpedia.org/resource/User_(telecommunications)
bn:00021008n	http://dbpedia.org/resource/Pity
bn:00071019n	http://dbpedia.org/resource/Shelter_(building)
bn:00116535r	
bn:00084807v	
bn:03722635n	http://dbpedia.org/resource/Online_newspaper
bn:00095274v	
bn:00006178n	http://dbpedia.org/resource/Cannoneer
bn:00055255n	http://dbpedia.org/resource/Mirage
bn:00025878n	
bn:00023218n	http://dbpedia.org/resource/Password
bn:00107232a	
bn:00104605a	
bn:00089384v	
bn:03633167n	http://dbpedia.org/resource/Dammit!
bn:00031605n	http://dbpedia.org/resource/Spain
bn:00089961v	
bn:00088754v	
bn:00036806n	http://dbpedia.org/resource/Smoke
bn:00116861r	
bn:00031538n	
bn:00064755n	http://dbpedia.org/resource/Property
bn:00051968n	http://dbpedia.org/resource/Looking
bn:00001533n	http://dbpedia.org/resource/Man
bn:00037139n	http://dbpedia.org/resource/Primary_cell
bn:00106666a	
bn:00083354v	
bn:00008120n	http://dbpedia.org/resource/Ball
bn:00076744n	http://dbpedia.org/resource/Thursday
bn:16956461n	
bn:00086431v	
bn:00033729n	http://dbpedia.org/resource/Mode_(literature)
bn:00019944n	http://dbpedia.org/resource/Sign-off
bn:00051291n	http://dbpedia.org/resource/Line_(geometry)
bn:00114309r	
bn:00118878n	http://dbpedia.org/resource/Tercio
bn:00036842n	
bn:00096059a	
bn:00099981a	
bn:00034588n	
bn:00019079n	http://dbpedia.org/resource/Cigar
bn:00076924n	
bn:00064699n	http://dbpedia.org/resource/Promise
bn:00114626r	
bn:16496453n	
bn:03538130n	http://dbpedia.org/resource/Barcis
bn:03320512n	http://dbpedia.org/resource/Penalty_card
bn:01312771n	http://dbpedia.org/resource/Social_networking_service
bn:00100948a	
bn:00011878n	http://dbpedia.org/resource/Bolivia
bn:00044737n	
bn:00059180n	http://dbpedia.org/resource/Porto
bn:00092609v	
bn:00013077n	http://dbpedia.org/resource/Bridge
bn:00023310n	http://dbpedia.org/resource/Courtyard
bn:00006873n	http://dbpedia.org/resource/Molybdenum
bn:15434610n	
bn:00031140n	http://dbpedia.org/resource/Epicenter
bn:15222462n	http://dbpedia.org/resource/Dieting
bn:00070651n	http://dbpedia.org/resource/Service_(economics)
bn:00055177n	http://dbpedia.org/resource/Humanitarian_aid
bn:00053946n	http://dbpedia.org/resource/Maya_civilization
bn:02870467n	http://dbpedia.org/resource/Negative_(policy_debate)
bn:03374933n	http://dbpedia.org/resource/Bagnacavallo
bn:00028248n	http://dbpedia.org/resource/Vehicle_door
bn:00057917n	
bn:00091921v	
bn:08350599n	
bn:04595211n	
bn:00015265n	http://dbpedia.org/resource/Golden_jackal
bn:00036076n	http://dbpedia.org/resource/Fountain
bn:00109650a	
bn:00088789v	
bn:00009630n	http://dbpedia.org/resource/Initiation
bn:00103107a	
bn:00058898n	http://dbpedia.org/resource/Olive_oil
bn:00013896n	http://dbpedia.org/resource/Bunk_(slang)
bn:08426282n	
bn:03501888n	http://dbpedia.org/resource/Dolcè
bn:00101429a	
bn:01601509n	http://dbpedia.org/resource/House_(season_1)
bn:03787668n	http://dbpedia.org/resource/Cerro_Solo
bn:00085807v	
bn:02111873n	http://dbpedia.org/resource/Power_(Kanye_West_song)
bn:00002954n	http://dbpedia.org/resource/Flood
bn:00061494n	
bn:00021329n	
bn:08349314n	
bn:00028554n	http://dbpedia.org/resource/Working_animal
bn:00103971a	
bn:00034021n	
bn:00103938a	
bn:00101090a	
bn:00114546r	
bn:00006121n	
bn:00016991n	
bn:00036777n	http://dbpedia.org/resource/Full_stop
bn:03243104n	http://dbpedia.org/resource/Closed_set
bn:00071172n	http://dbpedia.org/resource/Shoe
bn:00041363n	http://dbpedia.org/resource/Grandparent
bn:00030720n	
bn:00042242n	http://dbpedia.org/resource/Gunshot
bn:00102487a	
bn:00050123n	http://dbpedia.org/resource/Lateen
bn:03662348n	http://dbpedia.org/resource/Collapse_(medical)
bn:00004359n	http://dbpedia.org/resource/Annoyance
bn:02448081n	http://dbpedia.org/resource/Romagna
bn:00085346v	
bn:01532284n	http://dbpedia.org/resource/'Hours...'
bn:01840323n	http://dbpedia.org/resource/Bello,_Antioquia
bn:00066495n	
bn:00081446n	http://dbpedia.org/resource/Withers
bn:00084089v	
bn:00072745n	http://dbpedia.org/resource/Solo_(music)
bn:00030169n	http://dbpedia.org/resource/Thunderstorm
bn:00060158n	http://dbpedia.org/resource/Page_(paper)
bn:00079972n	http://dbpedia.org/resource/Video
bn:00019281n	
bn:00100060a	
bn:00022161n	http://dbpedia.org/resource/Contentment
bn:00083978v	
bn:00104701a	
bn:00023303n	http://dbpedia.org/resource/Court_(royal)
bn:00030959n	
bn:00078131n	http://dbpedia.org/resource/Tree
bn:00064917n	http://dbpedia.org/resource/Capital_city
bn:00101246a	
bn:00117609r	
bn:00025568n	
bn:00009037n	http://dbpedia.org/resource/Batman_(military)
bn:00077899n	http://dbpedia.org/resource/Tragedy
bn:00031653n	
bn:03328185n	http://dbpedia.org/resource/Chills
bn:00095596v	
bn:00020509n	
bn:00090725v	
bn:00130011n	http://dbpedia.org/resource/Redenomination
bn:00025236n	http://dbpedia.org/resource/Night
bn:00102774a	
bn:00084270v	
bn:00096446a	
bn:00031888n	http://dbpedia.org/resource/Euro
bn:00022269n	
bn:00083243v	
bn:00009787n	http://dbpedia.org/resource/Roar_(utterance)
bn:00110767a	
bn:00093430v	
bn:00114513r	
bn:00019637n	http://dbpedia.org/resource/Pottery
bn:00095812v	
bn:00085393v	
bn:00072727n	
bn:00009395n	
bn:00052858n	http://dbpedia.org/resource/Mainland
bn:00006350n	http://dbpedia.org/resource/Aside
bn:00034116n	http://dbpedia.org/resource/Ferrara
bn:00055570n	http://dbpedia.org/resource/Molise
bn:00029806n	http://dbpedia.org/resource/Student
bn:08285844n	
bn:00066655n	http://dbpedia.org/resource/International_Red_Cross_and_Red_Crescent_Movement
bn:00117048r	
bn:00078817n	http://dbpedia.org/resource/Typhoon
bn:00058442n	http://dbpedia.org/resource/Physical_body
bn:00000738n	http://dbpedia.org/resource/Histories_(Herodotus)
bn:00060969n	
bn:03138219n	http://dbpedia.org/resource/Bō
bn:00095235v	
bn:00023235n	http://dbpedia.org/resource/Administrative_divisions_of_Mexico
bn:00077593n	http://dbpedia.org/resource/Tooth
bn:00435558n	http://dbpedia.org/resource/Emilia_(region_of_Italy)
bn:00011442n	
bn:00064837n	
bn:00097898a	
bn:00092424v	
bn:00089791v	
bn:00084009v	
bn:00002899n	http://dbpedia.org/resource/Garlic
bn:00035851n	http://dbpedia.org/resource/Morning
bn:00020822n	http://dbpedia.org/resource/Column_(formation)
bn:03567727n	http://dbpedia.org/resource/...Meanwhile
bn:00065634n	http://dbpedia.org/resource/Gyne
bn:00019380n	http://dbpedia.org/resource/Civilian
bn:00087284v	
bn:00054126n	http://dbpedia.org/resource/History_of_medicine
bn:00995099n	http://dbpedia.org/resource/How-to
bn:00015267n	http://dbpedia.org/resource/Dog
bn:00060224n	http://dbpedia.org/resource/Palace
bn:00992446n	http://dbpedia.org/resource/La_favorite
bn:00013980n	http://dbpedia.org/resource/Burial
bn:00074786n	http://dbpedia.org/resource/Studio
bn:03171360n	http://dbpedia.org/resource/Internally_displaced_person
bn:00008043n	
bn:00084684v	
bn:00946750n	http://dbpedia.org/resource/Arrest
bn:02210346n	http://dbpedia.org/resource/19th_century
bn:02815697n	http://dbpedia.org/resource/The_Undertaker
bn:00034623n	
bn:00002435n	http://dbpedia.org/resource/Alb
bn:00004063n	http://dbpedia.org/resource/Angel
bn:00049107n	
bn:00035820n	http://dbpedia.org/resource/Frontal_bone
bn:00062020n	http://dbpedia.org/resource/Telephone
bn:00076732n	http://dbpedia.org/resource/Text_(literary_theory)
bn:00027663n	http://dbpedia.org/resource/Displaced_person
bn:00083993v	
bn:00116218r	
bn:00007771n	http://dbpedia.org/resource/Flats_(theatre)
bn:03635593n	http://dbpedia.org/resource/Family_(Buffy_the_Vampire_Slayer)
bn:00093288v	
bn:00078424n	
bn:00007011n	
bn:00014710n	http://dbpedia.org/resource/Month
bn:00081947n	
bn:00016019n	
bn:00082770v	
bn:00019333n	http://dbpedia.org/resource/Mayor
bn:00012596n	http://dbpedia.org/resource/Couplet
bn:00074001n	http://dbpedia.org/resource/Startle_response
bn:01187943n	http://dbpedia.org/resource/Culture
bn:00307854n	http://dbpedia.org/resource/Misericord
bn:00082938v	
bn:00107226a	
bn:00051169n	http://dbpedia.org/resource/Lightweight
bn:00085332v	
bn:00082472v	
bn:00116895r	
bn:00066443n	http://dbpedia.org/resource/Reason_(argument)
bn:00103813a	
bn:00088869v	
bn:00101358a	
bn:00087878v	
bn:00110253a	
bn:00116383r	
bn:00067258n	http://dbpedia.org/resource/Rest_in_peace
bn:00034701n	http://dbpedia.org/resource/Florence
bn:00096294a	
bn:00029648n	http://dbpedia.org/resource/Eclipse
bn:00089385v	
bn:00095040v	
bn:00086790v	
bn:00070894n	http://dbpedia.org/resource/Shanghainese
bn:00084038v	
bn:09047920n	
bn:00115375r	
bn:00064244n	http://dbpedia.org/resource/Presidio
bn:00097319a	
bn:00035295n	
bn:00092083v	
bn:00019268n	http://dbpedia.org/resource/Quotation
bn:00082667v	
bn:00047481n	http://dbpedia.org/resource/Potato
bn:03673023n	http://dbpedia.org/resource/Tidings
bn:00037734n	http://dbpedia.org/resource/Genoa
bn:00110409a	
bn:00044516n	http://dbpedia.org/resource/Territory_(animal)
bn:01677047n	http://dbpedia.org/resource/Foggia
bn:00082339v	
bn:08403850n	
bn:00089411v	
bn:00653957n	http://dbpedia.org/resource/A7_motorway_(Netherlands)
bn:01559789n	http://dbpedia.org/resource/I'll_be_back
bn:00114073r	
bn:00087881v	
bn:02251794n	http://dbpedia.org/resource/Sardi's
bn:00035907n	
bn:00017640n	http://dbpedia.org/resource/Chandelier
bn:00084714v	
bn:00022129n	http://dbpedia.org/resource/Container
bn:00066063n	http://dbpedia.org/resource/Raisin
bn:13604191a	
bn:00117250r	
bn:00058218n	http://dbpedia.org/resource/Present
bn:00031972n	
bn:13601282v	
bn:00114235r	
bn:16748758n	
bn:00108760a	
bn:00022271n	http://dbpedia.org/resource/Donation
bn:00080229n	http://dbpedia.org/resource/Volume
bn:00017029n	http://dbpedia.org/resource/Mobile_phone
bn:00041942n	
bn:00019832n	
bn:00077463n	
bn:00095642v	
bn:00036543n	
bn:00006912n	http://dbpedia.org/resource/Oxygen
bn:00097549a	
bn:00024462n	
bn:00054720n	http://dbpedia.org/resource/Nostradamus
bn:00055094n	http://dbpedia.org/resource/Minute
bn:00089245v	
bn:00013389n	http://dbpedia.org/resource/Forehead
bn:00077773n	http://dbpedia.org/resource/Town
bn:00084792v	
bn:00082690v	
bn:00102573a	
bn:08351423n	
bn:00069619n	http://dbpedia.org/resource/School
bn:00082291v	
bn:00096707a	
bn:00042090n	
bn:00030532n	http://dbpedia.org/resource/Emergency_department
bn:00017699n	http://dbpedia.org/resource/Chant
bn:00668236n	http://dbpedia.org/resource/Trentino
bn:00092123v	
bn:00062084n	http://dbpedia.org/resource/Photography
bn:14885011n	
bn:00093922v	
bn:00077667n	http://dbpedia.org/resource/Tornado
bn:00018203n	http://dbpedia.org/resource/Chess_opening
bn:00110105a	
bn:00067975n	http://dbpedia.org/resource/Road
bn:00003273n	
bn:00631850n	http://dbpedia.org/resource/Roberto_Mancini
bn:00090161v	
bn:00112249a	
bn:00104025a	
bn:00092334v	
bn:00090452v	
bn:00053363n	http://dbpedia.org/resource/Marche
bn:00043620n	http://dbpedia.org/resource/Hello
bn:00926186n	http://dbpedia.org/resource/Mancini_(Brazilian_footballer)
bn:00013447n	http://dbpedia.org/resource/Web_browser
bn:00090383v	
bn:00056443n	http://dbpedia.org/resource/Music
bn:00085141v	
bn:00073699n	http://dbpedia.org/resource/Team
bn:00088948v	
bn:00050188n	
bn:01346787n	http://dbpedia.org/resource/VIA_Technologies
bn:00014793n	
bn:00022366n	http://dbpedia.org/resource/Religious_conversion
bn:00063310n	
bn:00047208n	http://dbpedia.org/resource/Interrogative
bn:00002155n	
bn:00103347a	
bn:00069755n	http://dbpedia.org/resource/Score_(game)
bn:00087620v	
bn:00002179n	
bn:00018121n	http://dbpedia.org/resource/Chemical_reaction
bn:02976840n	http://dbpedia.org/resource/Impact_(typeface)
bn:15414147n	http://dbpedia.org/resource/Brenta_River
bn:00082637v	
bn:00077270n	http://dbpedia.org/resource/Time
bn:01525183n	http://dbpedia.org/resource/Kalua
bn:00020164n	http://dbpedia.org/resource/Coast
bn:02667906n	http://dbpedia.org/resource/Buenos_Días_a_Todos
bn:00095597v	
bn:01303995n	http://dbpedia.org/resource/Connections_(TV_series)
bn:00880953n	http://dbpedia.org/resource/Tribute
bn:08361975n	
bn:00197960n	http://dbpedia.org/resource/Nuevo,_California
bn:00033854n	http://dbpedia.org/resource/Fear
bn:00040682n	http://dbpedia.org/resource/Globalization
bn:01004378n	http://dbpedia.org/resource/La_Repubblica
bn:00083242v	
bn:00204855n	http://dbpedia.org/resource/Stage_(stratigraphy)
bn:00277304n	http://dbpedia.org/resource/Riccardo
bn:00054119n	http://dbpedia.org/resource/Prognosis
bn:00076312n	
bn:00085278v	
bn:00108829a	
bn:00003869n	
bn:00018345n	http://dbpedia.org/resource/Minor_(law)
bn:00109046a	
bn:00040850n	http://dbpedia.org/resource/Association_football_pitch
bn:00104781a	
bn:00050284n	http://dbpedia.org/resource/Lawn
bn:00114905r	
bn:14715426n	http://dbpedia.org/resource/Aquila_(name)
bn:00103502a	
bn:00099606a	
bn:00084060v	
bn:00019964n	
bn:00114661r	
bn:00074288n	http://dbpedia.org/resource/Still
bn:00116104r	
bn:00043819n	http://dbpedia.org/resource/Heresy
bn:00083369v	
bn:00032375n	
bn:00064245n	
bn:00064914n	http://dbpedia.org/resource/Province
bn:00114318r	
bn:00080812n	http://dbpedia.org/resource/Mourning
bn:00088733v	
bn:00085889v	
bn:00084386v	
bn:00019384n	http://dbpedia.org/resource/Civilization
bn:00039438n	http://dbpedia.org/resource/Rana_(genus)
bn:00108965a	
bn:00106837a	
bn:00011443n	
bn:00008044n	http://dbpedia.org/resource/Balance_(accounting)
bn:00097396a	
bn:00015740n	
bn:08453039n	
bn:00006558n	http://dbpedia.org/resource/Premise
bn:00022270n	http://dbpedia.org/resource/Donation
bn:00070302n	http://dbpedia.org/resource/Seismometer
bn:01169511n	http://dbpedia.org/resource/World_population
bn:00023688n	http://dbpedia.org/resource/Cree
bn:00069946n	http://dbpedia.org/resource/Sea
bn:00016828n	
bn:00017405n	
bn:00064129n	http://dbpedia.org/resource/Prefecture
bn:00070300n	http://dbpedia.org/resource/Shock_(mechanics)
bn:00074144n	http://dbpedia.org/resource/Steeplechase_(athletics)
bn:00115296r	
bn:00082964v	
bn:00010203n	http://dbpedia.org/resource/India
bn:00073092n	http://dbpedia.org/resource/Spanish_language
bn:00007890n	
bn:00090567v	
bn:00083836v	
bn:00054300n	http://dbpedia.org/resource/Memory
bn:00023646n	http://dbpedia.org/resource/Kris
bn:00082466v	
bn:00048655n	http://dbpedia.org/resource/Law
bn:00105740a	
bn:00011744n	http://dbpedia.org/resource/Physical_body
bn:03158915n	http://dbpedia.org/resource/LAN_Airlines
bn:00111281a	
bn:00096397a	
bn:00087679v	
bn:00085614v	
bn:00096195a	
bn:00009884n	
bn:13703918r	
bn:00055609n	http://dbpedia.org/resource/Monday
bn:00087655v	
bn:03624775n	http://dbpedia.org/resource/Facebook
bn:00024592n	http://dbpedia.org/resource/Tradition
bn:00061303n	http://dbpedia.org/resource/Rain_(entertainer)
bn:14338043n	
bn:00088643v	
bn:00027544n	
bn:00048592n	http://dbpedia.org/resource/June
bn:00085522v	
bn:00004222n	http://dbpedia.org/resource/Animal
bn:00024320n	http://dbpedia.org/resource/Cufflink
bn:01626034n	http://dbpedia.org/resource/Yo_Soy_(Pee_Wee_album)
bn:00025083n	http://dbpedia.org/resource/Price
bn:00102969a	
bn:00086370v	
bn:00077308n	http://dbpedia.org/resource/Timeline
bn:00088098v	
bn:00113944a	
bn:00071960n	
bn:01398417n	http://dbpedia.org/resource/Solidarity
bn:00043603n	
bn:03251267n	http://dbpedia.org/resource/Supply_(economics)
bn:00032402n	http://dbpedia.org/resource/Thoroughfare
bn:01655797n	http://dbpedia.org/resource/Adjustment_(law)
bn:00086544v	
bn:00939680n	http://dbpedia.org/resource/Power-on_self-test
bn:00103172a	
bn:00019780n	http://dbpedia.org/resource/Climate
bn:00023301n	http://dbpedia.org/resource/Tribunal
bn:01070446n	http://dbpedia.org/resource/Recanati
bn:00092745v	
bn:00010728n	
bn:00511943n	http://dbpedia.org/resource/Sigüés
bn:00092618v	
bn:00022026n	http://dbpedia.org/resource/Constabulary
bn:00008378n	http://dbpedia.org/resource/Cheque
bn:00066884n	http://dbpedia.org/resource/Region
bn:00086808v	
bn:00070193n	http://dbpedia.org/resource/Line_segment
bn:03284262n	http://dbpedia.org/resource/Mantua
bn:00044576n	http://dbpedia.org/resource/Human
bn:00066372n	http://dbpedia.org/resource/Reading_(process)
bn:02947323n	http://dbpedia.org/resource/2009
bn:00090326v	
bn:00078799n	http://dbpedia.org/resource/Type_(biology)
bn:00011746n	
bn:00066312n	http://dbpedia.org/resource/D_(musical_note)
bn:00083998v	
bn:00096593a	
bn:00036813n	http://dbpedia.org/resource/Fun
bn:00018346n	http://dbpedia.org/resource/Child
bn:00106527a	
bn:00035804n	
bn:00027566n	http://dbpedia.org/resource/Shame
bn:00032830n	http://dbpedia.org/resource/Waterfall
bn:00042128n	http://dbpedia.org/resource/Guilt_(law)
bn:00075813n	http://dbpedia.org/resource/Table_(furniture)
bn:00063344n	http://dbpedia.org/resource/Fundraising
bn:00044514n	http://dbpedia.org/resource/Home_page
bn:00104673a	
bn:00852310n	http://dbpedia.org/resource/La_Maddalena
bn:00002216n	http://dbpedia.org/resource/Air_current
bn:00045800n	http://dbpedia.org/resource/Idea
bn:00021834n	
bn:00032120n	
bn:01278225n	http://dbpedia.org/resource/Raga
bn:00001456n	
bn:00150512n	http://dbpedia.org/resource/Desenzano_del_Garda
bn:00085543v	
bn:00083191v	
bn:00034749n	http://dbpedia.org/resource/First_aid
bn:00025314n	http://dbpedia.org/resource/Data
bn:08267444n	
bn:00098022a	
bn:03379982n	http://dbpedia.org/resource/Force_of_Nature_(Star_Trek:_The_Next_Generation)
bn:00097055a	
bn:00105161a	
bn:00110995a	
bn:00102716a	
bn:00438402n	http://dbpedia.org/resource/Piadina
bn:00000790n	http://dbpedia.org/resource/Adept
bn:00095375v	
bn:08436724n	
bn:00641415n	http://dbpedia.org/resource/Capsicum_annuum
bn:00085696v	
bn:00072297n	http://dbpedia.org/resource/Traffic_collision
bn:02515020n	http://dbpedia.org/resource/Provinces_of_Italy
bn:00013775n	http://dbpedia.org/resource/Horseshit
bn:00063734n	http://dbpedia.org/resource/Self-control
bn:00073240n	http://dbpedia.org/resource/Speculation
bn:00101935a	
bn:00043484n	http://dbpedia.org/resource/Week
bn:00109874a	
bn:00084699v	
bn:08410315n	
bn:00070532n	
bn:00088912v	
bn:00046516n	http://dbpedia.org/resource/Individual
bn:03332781n	http://dbpedia.org/resource/Catastrophe_(drama)
bn:00089724v	
bn:13704695a	
bn:00029424n	http://dbpedia.org/resource/Earth
bn:00083404v	
bn:00000010n	http://dbpedia.org/resource/1000_(number)
bn:00030308n	http://dbpedia.org/resource/Primary_school
bn:14598712n	
bn:00007846n	
bn:00114747r	
bn:00041200n	http://dbpedia.org/resource/Minister_(government)
bn:00091011v	
bn:00088626v	
bn:00108309a	
bn:00022460n	http://dbpedia.org/resource/Coordinated_Universal_Time
bn:00086271v	
bn:00110561a	
bn:00028247n	http://dbpedia.org/resource/Door
bn:00027386n	http://dbpedia.org/resource/Soil
bn:03294984n	http://dbpedia.org/resource/Bassa_people_(Cameroon)
bn:00117652r	
bn:02184985n	http://dbpedia.org/resource/Short_Message_Service
bn:00007886n	
bn:00066414n	http://dbpedia.org/resource/Reality
bn:00082233v	
bn:03180434n	http://dbpedia.org/resource/Dia_(island)
bn:00062021n	http://dbpedia.org/resource/Phone_(phonetics)
bn:00012886n	http://dbpedia.org/resource/Stomach
bn:00105824a	
bn:01041081n	http://dbpedia.org/resource/Curriculum_vitae
bn:00093756v	
bn:00074633n	http://dbpedia.org/resource/Stress_(biology)
bn:00021287n	http://dbpedia.org/resource/Company_(military_unit)
bn:00032655n	http://dbpedia.org/resource/Fact
bn:01197803n	http://dbpedia.org/resource/Teletext
bn:00889574n	http://dbpedia.org/resource/Cansado
bn:00087714v	
bn:00037169n	http://dbpedia.org/resource/Gambling
bn:03888236n	http://dbpedia.org/resource/Province_of_Treviso
bn:00115235r	
bn:00010160n	
bn:00101642a	
bn:00038663n	http://dbpedia.org/resource/Melissa_(plant)
bn:00104505a	
bn:00001688n	http://dbpedia.org/resource/Flier_(BEAM)
bn:00114319r	
bn:00055154n	
bn:00005803n	http://dbpedia.org/resource/Army
bn:00092265v	
bn:15886659n	http://dbpedia.org/resource/Bayila
bn:01692914n	http://dbpedia.org/resource/Groupon
bn:00192948n	http://dbpedia.org/resource/Iseo,_Lombardy
bn:00071215n	
bn:00046996n	http://dbpedia.org/resource/Insurance
bn:14853864n	
bn:00072566n	http://dbpedia.org/resource/Society
bn:03768508n	http://dbpedia.org/resource/Creo
bn:00042759n	http://dbpedia.org/resource/Hand
bn:03537674n	http://dbpedia.org/resource/Bonorva
bn:03416875n	http://dbpedia.org/resource/Tala_(music)
bn:00093226v	
bn:00183539n	http://dbpedia.org/resource/Bueno_River
bn:00085409v	
bn:00072101n	http://dbpedia.org/resource/Sleep
bn:00015558n	http://dbpedia.org/resource/Tokyo
bn:08261324n	
bn:00032048n	http://dbpedia.org/resource/Wickedness
bn:00026149n	
bn:15826526n	
bn:00115841r	
bn:00069678n	http://dbpedia.org/resource/Scientific_method
bn:00090098v	
bn:00072016n	http://dbpedia.org/resource/Sky
bn:08297109n	
bn:00036182n	
bn:00022112n	
bn:00108553a	
bn:00064128n	http://dbpedia.org/resource/Prefect
bn:00094081v	
bn:00040935n	http://dbpedia.org/resource/Gold_medal
bn:00129891n	http://dbpedia.org/resource/.il
bn:00093939v	
bn:00030721n	http://dbpedia.org/resource/Intrinsic_value_(ethics)
bn:00051178n	http://dbpedia.org/resource/Liguria
bn:01052192n	http://dbpedia.org/resource/Spider!_(TV_series)
bn:00117269r	
bn:00010304n	http://dbpedia.org/resource/Big_Brother_(Nineteen_Eighty-Four)
bn:00058286n	http://dbpedia.org/resource/Telephone_number
bn:00017120n	
bn:00058164n	
bn:00005093n	
bn:00044654n	http://dbpedia.org/resource/Honour
bn:00086519v	
bn:00045000n	http://dbpedia.org/resource/House_(astrology)
bn:01599784n	http://dbpedia.org/resource/Carpi,_Emilia-Romagna
bn:00078509n	http://dbpedia.org/resource/Tsunami
bn:00067948n	http://dbpedia.org/resource/River
bn:00083797v	
bn:00010098n	http://dbpedia.org/resource/The_Topper_(comics)
bn:00089817v	
bn:00008857n	http://dbpedia.org/resource/Basilica
bn:00067181n	http://dbpedia.org/resource/Report
bn:00100152a	
bn:03932089n	
bn:00083675v	
bn:02251637n	http://dbpedia.org/resource/Solidarity_(Polish_trade_union)
bn:00002489n	
bn:00079815n	http://dbpedia.org/resource/Verona
bn:00108566a	
bn:14794177n	
bn:00112263a	
bn:00042241n	http://dbpedia.org/resource/Shootout
bn:00098480a	
bn:00068799n	http://dbpedia.org/resource/Safety
bn:00016429n	http://dbpedia.org/resource/Common_law
bn:08466587n	
bn:00050596n	http://dbpedia.org/resource/Lego
bn:00054416n	http://dbpedia.org/resource/Product_(business)
bn:00066028n	http://dbpedia.org/resource/Train
bn:00025082n	
bn:00024743n	http://dbpedia.org/resource/Cyclone
bn:00030949n	
bn:00066772n	
bn:00018388n	http://dbpedia.org/resource/Frisson
bn:00000870n	http://dbpedia.org/resource/Enneagram_of_Personality
bn:00073310n	http://dbpedia.org/resource/Sphere
bn:00030590n	http://dbpedia.org/resource/Empennage
bn:00074005n	
bn:00078049n	http://dbpedia.org/resource/Transportation_Security_Administration
bn:00116423r	
bn:00114585r	
bn:00011999n	http://dbpedia.org/resource/Bone
bn:00083459v	
bn:00086670v	
bn:00044419n	
bn:00017168n	http://dbpedia.org/resource/Telephone_exchange
bn:00114369r	
bn:00105560a	
bn:00002410n	
bn:00025634n	http://dbpedia.org/resource/Debris
bn:00015051n	
bn:13619011v	
bn:00139958n	http://dbpedia.org/resource/Bondage_(BDSM)
bn:00045286n	
bn:00104697a	
bn:03897085n	http://dbpedia.org/resource/Twitter
bn:00083185v	
bn:00091165v	
bn:00104680a	
bn:00106492a	
bn:03185806n	http://dbpedia.org/resource/Secret_Fire
bn:00098893a	
bn:00071838n	
bn:00001258n	http://dbpedia.org/resource/Seyhan
bn:00085750v	
bn:00025523n	
bn:00085516v	
bn:00124017n	http://dbpedia.org/resource/Orlando,_Florida
bn:00022007n	http://dbpedia.org/resource/Consolidation_(business)
bn:00088008v	
bn:00103682a	
bn:00096592a	
bn:13669405a	
bn:00092940v	
bn:00104384a	
bn:00071262n	http://dbpedia.org/resource/Short_film
bn:00017676n	http://dbpedia.org/resource/Moron_(psychology)
bn:00048025n	
bn:00035680n	http://dbpedia.org/resource/Foot_(unit)
bn:00768947n	http://dbpedia.org/resource/Mother_Nature
bn:00077682n	
bn:00115376r	
bn:00088845v	
bn:03518730n	http://dbpedia.org/resource/Montoggio
bn:13692440r	
bn:00053664n	http://dbpedia.org/resource/Mass_(liturgy)
bn:00107267a	
bn:03185384n	http://dbpedia.org/resource/Government_budget
bn:00006452n	
bn:00084932v	
bn:00025800n	http://dbpedia.org/resource/Implicature
bn:00105064a	
bn:00083206v	
bn:00054523n	http://dbpedia.org/resource/Message
bn:01094501n	http://dbpedia.org/resource/Maroni_(river)
bn:00092421v	
bn:00035726n	
bn:02431886n	http://dbpedia.org/resource/El_Inútil
bn:03122797n	http://dbpedia.org/resource/Denial-of-service_attack
bn:00012121n	http://dbpedia.org/resource/Bookcase
bn:03206809n	http://dbpedia.org/resource/Pavia
bn:00042918n	http://dbpedia.org/resource/MT_Haven
bn:00089178v	
bn:03498766n	http://dbpedia.org/resource/Aman
bn:00082573v	
bn:14380177n	
bn:14456945n	
bn:00017622n	http://dbpedia.org/resource/Luck
bn:00101123a	
bn:00048871n	http://dbpedia.org/resource/Kea
bn:00048886n	http://dbpedia.org/resource/Souvenir
bn:04149355n	
bn:00085415v	
bn:00027699n	http://dbpedia.org/resource/Neglect
bn:00087107v	
bn:00021149n	
bn:00892712n	http://dbpedia.org/resource/Torre_Espacial
bn:00085716v	
bn:00082819v	
bn:00093639v	
bn:03522310n	http://dbpedia.org/resource/Piazzola_sul_Brenta
bn:00058495n	http://dbpedia.org/resource/Observation
bn:00046282n	
bn:00084302v	
bn:15532556n	
bn:10419927n	
bn:14846319n	
bn:00024591n	http://dbpedia.org/resource/Custom_(law)
bn:00006911n	http://dbpedia.org/resource/Gold
bn:00084086v	
bn:00025781n	http://dbpedia.org/resource/Edict
bn:00001127n	
bn:00027475n	http://dbpedia.org/resource/Discharge_(hydrology)
bn:16626103n	
bn:00017123n	http://dbpedia.org/resource/Midpoint
bn:00248870n	http://dbpedia.org/resource/World_(Bee_Gees_song)
bn:00062022n	http://dbpedia.org/resource/Phone-in
bn:15283786n	http://dbpedia.org/resource/Crevasse
bn:00064624n	http://dbpedia.org/resource/Proffer
bn:01177188n	http://dbpedia.org/resource/Special_edition
bn:00037008n	http://dbpedia.org/resource/Joke
bn:00000013n	http://dbpedia.org/resource/Million
bn:00068856n	http://dbpedia.org/resource/Saint
bn:00075151n	http://dbpedia.org/resource/Summer
bn:00080721n	
bn:00068424n	
bn:00107269a	
bn:00109623a	
bn:00080079n	http://dbpedia.org/resource/Virtual_reality
bn:03243700n	http://dbpedia.org/resource/Trading_room
bn:00068782n	http://dbpedia.org/resource/Sadness
bn:00093728v	
bn:00071253n	http://dbpedia.org/resource/Short_list
bn:15482759n	
bn:00052511n	
bn:00114281r	
bn:16543159n	
bn:00040436n	http://dbpedia.org/resource/Gift
bn:16295128n	http://dbpedia.org/resource/Massimiliano
bn:00027546n	http://dbpedia.org/resource/Disease
bn:00077888n	http://dbpedia.org/resource/Traffic
bn:00097938a	
bn:00099475a	
bn:16734104n	http://dbpedia.org/resource/Social_network
bn:00081239n	
bn:00016880n	http://dbpedia.org/resource/Cave-in
bn:00079916n	http://dbpedia.org/resource/Vice
bn:00225885n	http://dbpedia.org/resource/Lake_Iseo
bn:00075904n	http://dbpedia.org/resource/Tail
bn:00082720v	
bn:03339564n	http://dbpedia.org/resource/RT_(TV_network)
bn:00085042v	
bn:00006125n	http://dbpedia.org/resource/Clothing
bn:00009475n	http://dbpedia.org/resource/Bed_(geology)
bn:00048644n	http://dbpedia.org/resource/Military_junta
bn:00016689n	
bn:14521125n	
bn:03172436n	http://dbpedia.org/resource/Nutella
bn:00008141n	
bn:00057767n	http://dbpedia.org/resource/Nissen_hut
bn:00082285v	
bn:00998327n	http://dbpedia.org/resource/Giallo
bn:00926307n	http://dbpedia.org/resource/Julio_Iglesias_discography
bn:00022162n	http://dbpedia.org/resource/Table_of_contents
bn:00102943a	
bn:00002396n	
bn:00114632r	
bn:00088105v	
bn:00111312a	
bn:08316236n	
bn:00019358n	http://dbpedia.org/resource/Civil_defense
bn:00063940n	http://dbpedia.org/resource/Power_(social_and_political)
bn:00061450n	http://dbpedia.org/resource/People
bn:00089407v	
bn:00085351v	
bn:00044967n	http://dbpedia.org/resource/Hotel
bn:00111465a	
bn:00084198v	
bn:00063941n	http://dbpedia.org/resource/Power_(physics)
bn:00040536n	http://dbpedia.org/resource/Girlfriend
bn:00016414n	http://dbpedia.org/resource/Font
bn:00091493v	
bn:00003341n	http://dbpedia.org/resource/United_States
bn:00098909a	
bn:00086339v	
bn:00036261n	http://dbpedia.org/resource/Frankincense
bn:02000750n	http://dbpedia.org/resource/La_gazzetta
bn:00113060a	
bn:00081454n	http://dbpedia.org/resource/Witness
bn:00021192n	http://dbpedia.org/resource/Common_wheat
bn:00093934v	
bn:00061017n	http://dbpedia.org/resource/Patient
bn:00034649n	http://dbpedia.org/resource/Fire_department
bn:00052841n	
bn:14883417n	http://dbpedia.org/resource/Shock_(circulatory)
bn:00080623n	
bn:00063703n	http://dbpedia.org/resource/Status_(law)
bn:00087608v	
bn:00048614n	http://dbpedia.org/resource/Junior_(education)
bn:00046487n	http://dbpedia.org/resource/Pauperism
bn:15536282n	http://dbpedia.org/resource/Layoff
bn:00050680n	http://dbpedia.org/resource/Photographer
bn:00004531n	http://dbpedia.org/resource/Chamaemelum_nobile
bn:00074458n	http://dbpedia.org/resource/Storm
bn:00050129n	
bn:00096369a	
bn:00054417n	http://dbpedia.org/resource/Merchant
bn:00088488v	
bn:00116094r	
bn:00067182n	
bn:00063155n	http://dbpedia.org/resource/Pocket
bn:00102719a	
bn:00007504n	
bn:00050673n	http://dbpedia.org/resource/Lens_(optics)
bn:00060765n	
bn:00093287v	
bn:00057379n	
bn:03538030n	http://dbpedia.org/resource/Solidarity_(Scotland)
bn:00098277a	
bn:00082783v	
bn:00083093v	
bn:00053993n	http://dbpedia.org/resource/Meal
bn:00107880a	
bn:00096074a	
bn:00566219n	http://dbpedia.org/resource/The_Dead_(short_story)
bn:00194040n	http://dbpedia.org/resource/Asti,_California
bn:00006881n	http://dbpedia.org/resource/Tin
bn:08343769n	
bn:00002439n	http://dbpedia.org/resource/Albania
bn:00015734n	http://dbpedia.org/resource/Long_pepper
bn:00372302n	http://dbpedia.org/resource/Iesi
bn:00080831n	http://dbpedia.org/resource/Weight
bn:00040806n	
bn:00114422r	
bn:00044191n	
bn:02167872n	http://dbpedia.org/resource/Bagna_càuda
bn:00104833a	
bn:00075412n	
bn:00082262v	
bn:00049112n	http://dbpedia.org/resource/Kilometre
bn:00083472v	
bn:00110963a	
bn:13764604v	
bn:13768682r	
bn:00090485v	
bn:00106124a	
bn:08475677n	
bn:00015050n	http://dbpedia.org/resource/Political_campaign
bn:14927084n	
bn:00005410n	
bn:00084908v	
bn:00094934v	
bn:00082958v	
bn:00051985n	http://dbpedia.org/resource/Loop_(music)
bn:00082527v	
bn:00084831v	
bn:00114213r	
bn:00080495n	
bn:00025419n	http://dbpedia.org/resource/Daytime_(astronomy)
bn:03097278n	http://dbpedia.org/resource/Dispatch_(logistics)
bn:00012087n	http://dbpedia.org/resource/Owner's_manual
bn:13605113n	
bn:00105539a	
bn:00086789v	
bn:11293958n	
bn:00099605a	
bn:00089731v	
bn:16471159n	
bn:03120895n	http://dbpedia.org/resource/Pope_Benedict_XVI
bn:00072078n	http://dbpedia.org/resource/Animal_slaughter
bn:00050161n	http://dbpedia.org/resource/Latin
bn:00007884n	
bn:00068191n	http://dbpedia.org/resource/Ancient_Rome
bn:00107636a	
bn:00034465n	http://dbpedia.org/resource/Warp_and_woof
bn:00087982v	
bn:00055234n	http://dbpedia.org/resource/Plus_and_minus_signs
bn:00091135v	
bn:00034896n	
bn:00089381v	
bn:00322508n	http://dbpedia.org/resource/Estimates
bn:00205661n	http://dbpedia.org/resource/Teramo
bn:00025327n	http://dbpedia.org/resource/Geodetic_datum
bn:00002761n	
bn:00027810n	http://dbpedia.org/resource/District
bn:00082769v	
bn:00114648r	
bn:00068233n	http://dbpedia.org/resource/Room
bn:00003004n	
bn:00080106n	
bn:00085585v	
bn:15656505n	http://dbpedia.org/resource/Sarda_sheep
bn:00087598v	
bn:00094669v	
bn:00091458v	
bn:02911664n	http://dbpedia.org/resource/Richter_(surname)
bn:00091585v	
bn:00096217a	
bn:00084710v	
bn:00088201v	
bn:00042664n	
bn:00058967n	
bn:00049847n	
bn:00066490n	http://dbpedia.org/resource/Receipt
bn:00056337n	http://dbpedia.org/resource/Municipality
bn:00090548v	
bn:00035806n	http://dbpedia.org/resource/Prediction
bn:00097589a	
bn:00104063a	
bn:00053278n	http://dbpedia.org/resource/Mantua_(clothing)
bn:00021901n	http://dbpedia.org/resource/Connected_space
bn:00059842n	
bn:00047172n	http://dbpedia.org/resource/Grothendieck_topology
bn:04123675n	
bn:00082076n	
bn:01498799n	http://dbpedia.org/resource/Plimsoll_shoe
bn:00082874v	
bn:01481583n	http://dbpedia.org/resource/Emilia_(given_name)
bn:03895209n	http://dbpedia.org/resource/Rai_people
bn:00095572v	
bn:16179225n	
bn:00082818v	
bn:00100385a	
bn:00011897n	http://dbpedia.org/resource/Thunderbolt
bn:00068132n	
bn:00008198n	http://dbpedia.org/resource/Ballot
bn:00030723n	
bn:00016403n	http://dbpedia.org/resource/Lawsuit
bn:00513093n	http://dbpedia.org/resource/Recuerda
bn:00087845v	
bn:00004801n	http://dbpedia.org/resource/Anxiety
